appid,name,primary_genre,price_usd,release_year,reviews_total,log_reviews
5,Counter-Strike,Action,9.99,2000.0,162764.0,12.000062721722419
7,Team Fortress Classic,Action,4.99,1999.0,6686.0,8.80792062205398
8,Day of Defeat,Action,4.99,2003.0,4327.0,8.372860820526318
10,Deathmatch Classic,Action,4.99,2001.0,2349.0,7.762170607138205
20,Half-Life: Opposing Force,Action,4.99,1999.0,23049.0,10.045421048424794
30,Ricochet,Action,4.99,2000.0,4393.0,8.387995252944556
40,Half-Life,Action,9.99,1998.0,107922.0,11.589173288864432
50,Counter-Strike: Condition Zero,Action,9.99,2004.0,20256.0,9.916255691813806
70,Half-Life: Blue Shift,Action,4.99,2001.0,16993.0,9.740615619563487
92,Half-Life 2,Action,9.99,2004.0,186225.0,12.13471626887836
100,Counter-Strike: Source,Action,9.99,2004.0,129289.0,11.7698132222486
130,Half-Life: Source,Action,9.99,2004.0,14219.0,9.562404703357231
150,Day of Defeat: Source,Action,9.99,2010.0,15508.0,9.649175779559453
211,Half-Life Deathmatch: Source,Action,9.99,2006.0,4052.0,8.307212626628308
218,Portal,Action,9.99,2007.0,159356.0,11.978902247340022
260,Left 4 Dead,Action,9.75,2008.0,54276.0,10.901855843445738
280,Left 4 Dead 2,Action,9.99,2009.0,760032.0,13.541117132372479
304,Portal 2,Action,22.49,2011.0,370045.0,12.821382601217103
400,Red Orchestra: Ostfront 41-45,Action,4.99,2006.0,1474.0,7.29641326877392
420,Killing Floor,Action,19.99,2009.0,39184.0,10.576049299486964
458,SiN Episodes: Emergence,Action,9.99,2006.0,969.0,6.877296071497429
459,SiN: Gold,Action,9.99,2020.0,350.0,5.860786223465865
480,Darwinia,Indie,11.99,2005.0,753.0,6.625392368007956
510,Uplink,Indie,11.99,2006.0,1719.0,7.450079569807499
513,DEFCON,Indie,11.99,2006.0,3371.0,8.123261319121745
530,Multiwinia,Indie,11.99,2008.0,397.0,5.986452005284438
550,Dangerous Waters,Strategy,4.49,2006.0,330.0,5.802118375377063
560,Space Empires IV Deluxe,Strategy,3.99,2006.0,248.0,5.517452896464707
564,Disciples II: Rise of the Elves ,Strategy,1.19,2006.0,1208.0,7.097548850614793
565,Disciples II: Gallean's Return,Strategy,1.19,2006.0,1404.0,7.247792581767846
570,Iron Warriors: T-72 Tank Command ,Strategy,5.99,2006.0,260.0,5.564520407322694
575,Space Empires V,Strategy,3.99,2006.0,402.0,5.998936561946683
576,Arx Fatalis,RPG,4.99,2007.0,2161.0,7.6787889981991535
583,Earth 2160,Strategy,9.99,2006.0,728.0,6.591673732008658
585,Two Worlds Epic Edition,RPG,14.99,2009.0,2523.0,7.8336002236611035
586,Dark Messiah of Might & Magic,Action,4.99,2006.0,8671.0,9.067854723679428
620,Quake III Arena,Action,14.99,2007.0,3244.0,8.08487062913819
629,Quake 4,Action,14.99,2011.0,2802.0,7.938445551164788
630,Wolfenstein 3D,Action,4.99,2007.0,3498.0,8.160232492367689
635,DOOM + DOOM II,Action,9.99,2007.0,23045.0,10.04524749757396
640,Quake,Action,9.99,2007.0,12541.0,9.436838291102966
644,Quake II,Action,9.99,2007.0,7862.0,8.969923491991516
650,The Ship: Murder Party,Action,9.99,2006.0,2558.0,7.847371836159788
652,Bloody Good Time,Action,4.99,2010.0,918.0,6.823286122355687
653,Shadowgrounds,Action,1.04,2006.0,1197.0,7.088408778675395
659,Gumboy - Crazy Adventures™,Casual,4.99,2006.0,106.0,4.672828834461906
660,RIP - Trilogy™,Casual,4.99,2007.0,244.0,5.501258210544727
669,Alpha Prime,Action,4.99,2007.0,815.0,6.704414354964107
730,Vampire: The Masquerade - Bloodlines,Action,19.99,2007.0,12954.0,9.46923709299621
740,GUN™,Action,19.99,2006.0,1918.0,7.5595594960077
745,Call of Duty® (2003),Action,19.99,2006.0,6647.0,8.802071336535285
753,Call of Duty® 2,Action,19.99,2006.0,8509.0,9.04899722156742
754,Call of Duty: United Offensive,Action,19.99,2006.0,2072.0,7.636752112435779
761,Act of War: Direct Action,Action,2.99,2008.0,530.0,6.274762021241939
854,X2: The Threat,Strategy,4.99,2006.0,424.0,6.052089168924417
900,X3: Reunion,Strategy,9.99,2006.0,560.0,6.329720905522696
901,X3: Terran Conflict,Action,15.99,2008.0,2043.0,7.622663951323595
902,X: Beyond the Frontier,Simulation,4.99,2010.0,275.0,5.62040086571715
904,X Rebirth,Action,29.99,2013.0,5136.0,8.544224530467268
905,688(I) Hunter/Killer,Strategy,4.99,2006.0,199.0,5.298317366548036
906,Fleet Command,Strategy,4.99,2006.0,446.0,6.102558594613569
907,Sub Command,Strategy,4.99,2006.0,130.0,4.875197323201151
909,FlatOut 2,Racing,7.99,2006.0,17029.0,9.742731773656734
912,Xpand Rally,Racing,0.54,2006.0,502.0,6.220590170099739
913,Call of Juarez,Action,1.99,2007.0,3390.0,8.128880142125638
914,Xpand Rally Xtreme,Racing,0.54,2008.0,354.0,5.872117789475416
915,Men of War: Red Tide,Strategy,4.99,2009.0,700.0,6.55250788703459
916,King's Bounty: Armored Princess,RPG,9.99,2009.0,1029.0,6.937314081223682
919,Genesis Rising,Strategy,4.99,2007.0,129.0,4.867534450455582
920,Safecracker: The Ultimate Puzzle Adventure,Adventure,4.99,2007.0,434.0,6.075346031088684
921,Painkiller Overdose,Action,4.99,2007.0,891.0,6.79346613258001
923,Bejeweled 2 Deluxe,Casual,4.99,2006.0,614.0,6.421622267806518
925,Chuzzle Deluxe,Casual,4.99,2006.0,1238.0,7.122059881629142
927,Insaniquarium Deluxe,Casual,4.99,2006.0,5784.0,8.663023639627777
929,Zuma Deluxe,Casual,4.99,2006.0,5490.0,8.610865667278873
931,AstroPop Deluxe,Casual,4.99,2006.0,112.0,4.727387818712341
933,Bejeweled Deluxe,Casual,4.99,2006.0,273.0,5.6131281063880705
935,Big Money! Deluxe,Casual,4.99,2006.0,171.0,5.147494476813453
937,Dynomite Deluxe,Casual,4.99,2006.0,344.0,5.84354441703136
939,Feeding Frenzy 2 Deluxe,Casual,4.99,2006.0,2190.0,7.692113339595466
942,Heavy Weapon Deluxe,Casual,4.99,2006.0,375.0,5.929589143389895
946,Pizza Frenzy Deluxe,Casual,4.99,2006.0,206.0,5.332718793265369
948,Typer Shark! Deluxe,Casual,4.99,2006.0,398.0,5.988961416889864
953,Peggle Deluxe,Casual,4.99,2007.0,10401.0,9.249753374333018
965,Peggle™ Nights,Casual,4.99,2008.0,2525.0,7.8343923029104365
966,Bejeweled Twist,Casual,4.99,2008.0,527.0,6.269096283706261
972,Plants vs. Zombies GOTY Edition,Strategy,4.99,2009.0,133115.0,11.79897620752666
974,Escape Rosecliff Island,Casual,4.99,2009.0,160.0,5.081404364984463
978,Zuma's Revenge!,Action,4.99,2009.0,2708.0,7.904334842085095
980,Sniper Elite,Action,7.99,2009.0,3371.0,8.123261319121745
981,Judge Dredd: Dredd vs. Death,Action,7.99,2009.0,1049.0,6.956545443151569
982,Evil Genius,Strategy,9.99,2009.0,2986.0,8.00202481821611
983,Aliens versus Predator Classic 2000,Action,4.99,2010.0,2394.0,7.781138509845015
984,Advent Rising,Action,9.99,2006.0,399.0,5.991464547107982
987,Psychonauts,Action,9.99,2006.0,11528.0,9.352620879232953
991,Sid Meier's Civilization® IV,Strategy,19.99,2006.0,2623.0,7.8724551500639794
992,Sid Meier's Civilization® III Complete,Strategy,4.99,2006.0,5364.0,8.587651655064798
994,Sid Meier's Pirates!,RPG,9.99,2005.0,5789.0,8.663887570567042
995,Shattered Union,Strategy,4.99,2006.0,147.0,4.997212273764115
997,CivCity: Rome,Strategy,9.99,2007.0,765.0,6.641182169740591
998,Civilization IV®: Warlords,Strategy,4.99,2007.0,366.0,5.905361848054571
999,Garry's Mod,Casual,9.99,2006.0,1021788.0,13.83706557050478
1250,Silverfall,RPG,0.74,2007.0,139.0,4.941642422609304
1256,City Life 2008,Simulation,0.99,2008.0,227.0,5.429345628954441
1259,S.T.A.L.K.E.R.: Shadow of Chernobyl,Action,19.99,2007.0,37541.0,10.533215585226419
1260,Full Spectrum Warrior,Action,9.99,2007.0,265.0,5.583496308781699
1270,Full Spectrum Warrior: Ten Hammers,Action,9.99,2007.0,201.0,5.308267697401205
1273,Company of Heroes - Legacy Edition,Action,14.99,2007.0,4655.0,8.445911989411274
1280,"Warhammer 40,000: Dawn of War - Anniversary Edition",Strategy,9.89,2007.0,8441.0,9.040974526342444
1306,Total War: MEDIEVAL II – Definitive Edition,Strategy,24.99,2006.0,25638.0,10.151869908713964
1317,Condemned: Criminal Origins,Action,14.95,2012.0,2816.0,7.943427767876373
1502,Medieval II: Total War™ Kingdoms,Strategy,24.99,2007.0,541.0,6.295266001439646
1507,Heroes of Annihilated Empires,Strategy,7.99,2006.0,545.0,6.302618975744905
1522,Cossacks: Back to War,Strategy,4.99,2010.0,2506.0,7.826842098158293
1525,Cossacks: Art of War,Strategy,4.99,2011.0,302.0,5.713732805509369
1528,Cossacks: European Wars,Strategy,4.99,2011.0,508.0,6.2324480165505225
1530,Cossacks II: Battle for Europe,Strategy,4.99,2011.0,983.0,6.891625897052253
1535,Natural Selection 2,Action,4.99,2012.0,8525.0,9.050875597325156
1540,STAR WARS™ Republic Commando™,Action,9.99,2009.0,13981.0,9.54552606707193
1600,Indiana Jones® and the Fate of Atlantis™,Adventure,5.99,2009.0,1312.0,7.180069874302796
1610,STAR WARS™ Jedi Knight - Jedi Academy™,Action,9.99,2009.0,10957.0,9.301825062098361
1620,STAR WARS™ Jedi Knight II - Jedi Outcast™,Action,9.99,2009.0,3904.0,8.270013062273787
1630,The Dig®,Adventure,5.99,2009.0,1101.0,7.004881989712859
1635,"STAR WARS™ Battlefront II (Classic, 2005)",Action,9.99,2009.0,45772.0,10.73144967661659
1640,Thrillville®: Off the Rails™,Action,9.99,2009.0,771.0,6.648984550024776
1645,Armed and Dangerous®,Action,5.99,2009.0,264.0,5.579729825986222
1670,Shank,Action,9.99,2010.0,2858.0,7.958227192322312
1700,Ghost Master®,Strategy,0.99,2006.0,1670.0,7.421177528595393
1710,Vegas: Make It Big™,Strategy,4.99,2006.0,135.0,4.912654885736052
1840,FlatOut,Action,6.99,2007.0,5025.0,8.522379718103538
1920,Making History: The Calm & the Storm,Action,0.79,2007.0,545.0,6.302618975744905
2100,Ducati World Championship,Racing,0.79,2007.0,157.0,5.062595033026967
2114,Dreamfall: The Longest Journey,Adventure,19.99,2007.0,1032.0,6.940222469119639
2115,The Longest Journey,Action,9.99,2007.0,1786.0,7.488293515159428
2145,Joint Task Force,Action,7.99,2007.0,260.0,5.564520407322694
2200,Nexus - The Jupiter Incident,Indie,9.99,2007.0,930.0,6.836259277277067
2210,Lost Planet™: Extreme Condition,Action,14.99,2007.0,1676.0,7.424761761823209
2310,Commandos: Behind Enemy Lines,Action,4.99,2007.0,3329.0,8.110727582974489
2320,Commandos: Beyond the Call of Duty,Action,4.99,2007.0,906.0,6.810142450115136
2350,Commandos 2: Men of Courage,Strategy,4.99,2007.0,2324.0,7.751475318021456
2400,Commandos 3: Destination Berlin,Action,4.99,2007.0,915.0,6.82001636467413
2403,Hitman 2: Silent Assassin,Action,4.99,2007.0,3365.0,8.121480374750751
2410,Hitman: Blood Money,Action,5.79,2007.0,12404.0,9.425854896125902
2413,Battlestations: Midway,Action,6.99,2007.0,825.0,6.716594773520978
2420,Just Cause,Action,5.49,2007.0,4314.0,8.36985260351753
2430,Hitman: Codename 47,Action,0.44,2007.0,3788.0,8.239857411018601
2450,Deus Ex: Game of the Year Edition,Action,6.99,2007.0,13092.0,9.479833015227753
2460,Deus Ex: Invisible War,Action,6.99,2007.0,2076.0,7.638679823876112
2520,Thief: Deadly Shadows,Action,8.99,2007.0,2251.0,7.719573989259581
2525,Tomb Raider: Legend,Action,6.99,2007.0,4889.0,8.494947582468917
2530,Project: Snowblind,Action,5.99,2007.0,658.0,6.490723534502507
2540,Rogue Trooper,Action,9.99,2007.0,465.0,6.144185634125646
2590,Jade Empire™: Special Edition,RPG,19.99,2007.0,1777.0,7.48324441607385
2600,Trackmania United Forever,Racing,29.99,2008.0,2374.0,7.772752716468742
2610,"Runaway, A Road Adventure",Adventure,0.74,2007.0,627.0,6.4425401664681985
2620,"Runaway, The Dream of The Turtle",Adventure,0.74,2007.0,308.0,5.733341276897746
2630,Loki,RPG,9.99,2007.0,208.0,5.342334251964811
2720,X-Blades,Nudity,12.99,2009.0,1016.0,6.92461239604856
2724,Two Worlds II HD,RPG,24.5,2011.0,3793.0,8.24117615049496
2725,Two Worlds II Castle Defense,Strategy,9.99,2011.0,302.0,5.713732805509369
2726,Sid Meier's Railroads!,Strategy,9.99,2007.0,2498.0,7.823645930834952
2730,Railroad Tycoon 3,Strategy,9.99,2007.0,1068.0,6.974478911025045
2740,Railroad Tycoon II Platinum,Strategy,4.99,2007.0,1282.0,7.1569563646156364
2760,X-COM: Terror From the Deep,Strategy,4.99,2007.0,723.0,6.584791392385716
2767,X-COM: Apocalypse,Strategy,4.99,2008.0,815.0,6.704414354964107
2768,BioShock™,Action,4.99,2007.0,24428.0,10.103526230135241
2790,X-COM: Interceptor,Strategy,4.99,2008.0,155.0,5.049856007249537
2810,X-COM: UFO Defense,Strategy,4.99,2008.0,3094.0,8.037543185118697
2820,X-COM: Enforcer,Strategy,4.99,2008.0,300.0,5.707110264748875
2827,Stubbs the Zombie in Rebel Without a Pulse,Action,19.99,2021.0,1596.0,7.3758821482150125
2850,Men of War™,Strategy,4.99,2009.0,3170.0,8.061802274538348
2870,NecroVision,Action,4.99,2009.0,1285.0,7.1592919047975645
2950,Call of Duty® 4: Modern Warfare® (2007),Action,19.99,2007.0,20691.0,9.937502431123406
3010,Tomb Raider: Anniversary,Action,8.99,2007.0,6137.0,8.722254235179681
3130,Conflict: Denied Ops,Action,5.99,2008.0,391.0,5.971261839790462
3150,Tomb Raider: Underworld,Action,8.99,2008.0,5662.0,8.641709066113805
3200,Just Cause 2,Action,14.99,2010.0,40471.0,10.608365655971772
3220,Telltale Texas Hold ‘Em,Casual,0.99,2008.0,192.0,5.262690188904886
3230,Geometry Wars: Retro Evolved,Casual,3.99,2007.0,974.0,6.882437470997847
3270,RACE 07,Racing,7.99,2007.0,1221.0,7.108244139731541
3330,GTR 2 FIA GT Racing Game,Racing,7.99,2012.0,257.0,5.552959584921617
3332,Civilization IV: Beyond the Sword,Strategy,9.99,2007.0,3608.0,8.19118600464279
3350,BioShock® 2,Action,2.99,2010.0,11126.0,9.3171298661577
3352,BioShock Infinite,Action,7.49,2013.0,107012.0,11.580705601391186
3360,Freedom Force,RPG,4.99,2009.0,427.0,6.059123195581797
3362,Freedom Force vs. the Third Reich,RPG,4.99,2009.0,243.0,5.497168225293202
3380,Sid Meier's Civilization® V,Strategy,29.99,2010.0,125453.0,11.739694436499478
3390,Borderlands Game of the Year,Action,29.99,2023.0,20828.0,9.944101525421383
3392,Borderlands: The Zombie Island of Dr. Ned,Action,29.99,2009.0,437.0,6.082218910376446
3400,Return to Castle Wolfenstein,Action,4.99,2007.0,7445.0,8.915432254432663
3410,HeXen II,Action,4.99,2007.0,539.0,6.29156913955832
3420,Commander Keen,Action,4.99,2007.0,1415.0,7.255591274253665
3422,RAGE,Action,9.99,2011.0,11860.0,9.381010986029276
3442,Company of Heroes: Opposing Fronts,Action,19.99,2007.0,773.0,6.651571873589727
3450,Supreme Commander,Strategy,9.99,2011.0,2194.0,7.693937325509272
3460,Supreme Commander: Forged Alliance,Strategy,12.99,2011.0,9411.0,9.149740749847252
3470,Frontlines™: Fuel of War™,Action,19.99,2008.0,847.0,6.742880635791903
3472,Saints Row 2,Action,1.49,2009.0,12085.0,9.399803036921504
3480,Gish,Action,9.99,2007.0,290.0,5.673323267171493
3483,Desperados 2: Cooper's Revenge,Action,9.99,2008.0,239.0,5.480638923341991
3490,Tycoon City: New York,Simulation,9.99,2008.0,223.0,5.4116460518550396
3500,Act of War: High Treason,Action,2.99,2008.0,462.0,6.137727054086234
3502,Death to Spies,Action,4.99,2008.0,755.0,6.628041376179533
3510,Codename: Panzers - Cold War,Simulation,14.99,2009.0,214.0,5.3706380281276624
3530,Blade Kitten,Action,2.99,2014.0,904.0,6.807934943699926
3572,Call of Duty: World at War,Action,19.99,2008.0,43939.0,10.690580345938601
3580,King's Quest™ Collection,Adventure,19.99,2009.0,303.0,5.717027701406222
3582,Space Quest™ Collection,Adventure,19.99,2009.0,311.0,5.7430031878094825
3592,TimeShift™,Action,19.99,2009.0,1073.0,6.97914527506881
3599,3D Ultra™ Minigolf Adventures,Sports,9.99,2009.0,112.0,4.727387818712341
3600,Prototype™,Action,19.99,2009.0,11312.0,9.333707785926467
3610,Call of Duty®: Modern Warfare® 2 (2009),Action,19.99,2009.0,33960.0,10.432968086399285
3612,Call of Duty®: Modern Warfare® 2 Stimulus Package,Action,14.99,2010.0,134.0,4.90527477843843
3620,Call of Duty®: Modern Warfare® 2 Resurgence Pack,Action,14.99,2010.0,101.0,4.624972813284271
3622,Postal III,Action,5.99,2012.0,4320.0,8.371242135931933
3629,Dead Mountaineer's Hotel,Adventure,7.99,2011.0,103.0,4.6443908991413725
3642,Disciples III: Reincarnation,RPG,3.99,2014.0,1238.0,7.122059881629142
3700,The Club™,Action,14.99,2008.0,136.0,4.919980925828125
3730,Total War: EMPIRE – Definitive Edition,Strategy,24.99,2009.0,20149.0,9.91095956737483
3838,Empire: Total War™ - The Warpath Campaign,Strategy,24.99,2009.0,135.0,4.912654885736052
3839,Empire: Total War™ - Elite Units of America,Strategy,24.99,2009.0,107.0,4.68213122712422
3900,Aliens vs. Predator™,Action,14.99,2010.0,15235.0,9.631416327598494
3990,Sherlock Holmes - Nemesis,Adventure,9.99,2008.0,591.0,6.3835066348840055
4000,Dracula: Origin,Adventure,9.99,2008.0,296.0,5.6937321388027
4102,Sherlock Holmes: The Awakened (2008),Adventure,9.99,2009.0,701.0,6.553933404025811
4200,Sherlock Holmes: The Silver Earring,Adventure,9.99,2009.0,629.0,6.4457198193855785
4207,Sherlock Holmes versus Jack the Ripper,Adventure,9.99,2009.0,1105.0,7.00850518208228
4210,Shadowgrounds Survivor,Action,1.49,2007.0,566.0,6.340359303727752
4240,Gumboy Tournament,Casual,2.99,2008.0,302.0,5.713732805509369
4260,Space Trader: Merchant Marine,Action,4.99,2008.0,447.0,6.104793232414985
4280,Pacific Storm Allies,Simulation,3.49,2008.0,207.0,5.337538079701318
4300,Penguins Arena: Sedna's World,Action,5.99,2008.0,792.0,6.675823221634848
4310,Larva Mortus,Action,4.99,2009.0,512.0,6.240275845170769
4320,Nikopol: Secrets of the Immortals,Adventure,4.99,2009.0,255.0,5.545177444479562
4329,Crash Time 2,Action,4.99,2009.0,1164.0,7.060476365999801
4330,Overlord™,RPG,4.99,2007.0,4762.0,8.46863300080086
4410,Soldiers: Heroes of World War II - Enhanced Edition,Strategy,4.99,2014.0,808.0,6.695798917058491
4440,Second Sight,Action,9.99,2021.0,237.0,5.472270673671475
4480,Manhunt,Action,9.99,2008.0,6552.0,8.787678239039497
4500,Max Payne,Action,9.99,2011.0,11987.0,9.391661428436555
4520,Max Payne 2: The Fall of Max Payne,Action,9.99,2011.0,10345.0,9.24435525056346
4530,Bully: Scholarship Edition,Action,14.99,2010.0,33586.0,10.421894366322432
4540,Grand Theft Auto IV: The Complete Edition,Action,19.99,2020.0,160472.0,11.985880983101847
4580,Sacred Gold,Action,9.99,2008.0,3780.0,8.237743803890933
4590,Darkstar One,Action,1.79,2008.0,555.0,6.320768294250582
4600,FlatOut: Ultimate Carnage Collector's Edition,Racing,7.99,2008.0,6103.0,8.716699572964293
4700,Exodus from the Earth,Action,14.99,2008.0,191.0,5.2574953720277815
4730,SlamIt Pinball Big Score,Casual,4.99,2009.0,108.0,4.6913478822291435
4780,BC Kings,Strategy,3.99,2009.0,181.0,5.204006687076795
4790,Port Royale 2,Strategy,5.99,2009.0,607.0,6.410174881966167
4800,9th Company: Roots Of Terror,Strategy,9.99,2009.0,202.0,5.313205979041787
4808,PuzzleQuest: Challenge of the Warlords,Casual,9.99,2008.0,987.0,6.895682697747868
4810,Prison Tycoon 3™: Lockdown,Strategy,9.99,2008.0,117.0,4.770684624465665
4820,18 Wheels of Steel: American Long Haul,Racing,9.99,2008.0,409.0,6.016157159698354
4910,Drakensang,RPG,9.99,2009.0,626.0,6.440946540632921
4932,Hunting Unlimited 2010,Simulation,9.99,2009.0,281.0,5.641907070938114
4940,Overlord™: Raising Hell,RPG,9.99,2008.0,1836.0,7.515889085215125
5001,Overlord II,RPG,9.99,2009.0,3794.0,8.24143968982973
5004,AudioSurf,Indie,9.99,2008.0,8787.0,9.081142433504501
5009,Prince of Persia: Warrior Within™,Action,9.99,2008.0,3523.0,8.16735198705607
5011,Far Cry®,Action,9.99,2008.0,10031.0,9.213535262872702
5012,Prince of Persia: The Two Thrones™,Action,9.99,2008.0,2354.0,7.764296006450518
5013,Tom Clancy's Rainbow Six® Vegas,Action,9.99,2008.0,1448.0,7.278628942320682
5014,Tom Clancy's Splinter Cell®,Action,2.49,2008.0,3406.0,8.133587417660966
5015,Tom Clancy's Splinter Cell Chaos Theory®,Action,2.49,2009.0,4959.0,8.509161019718974
5016,Tom Clancy's Splinter Cell Double Agent®,Action,2.49,2009.0,1621.0,7.3914152346753585
5017,Prince of Persia®: The Sands of Time,Action,9.99,2008.0,4463.0,8.403800504061147
5018,Tom Clancy's Ghost Recon® Desert Siege™,Action,4.99,2008.0,150.0,5.017279836814924
5019,Tom Clancy's Ghost Recon® Island Thunder™,Action,4.99,2008.0,156.0,5.056245805348308
5021,Tom Clancy's Rainbow Six Lockdown™,Action,9.99,2008.0,474.0,6.163314804034641
5023,Rayman Raving Rabbids™,Action,9.99,2008.0,1687.0,7.431299675155903
5024,Assassin's Creed™: Director's Cut Edition,Action,19.99,2008.0,21450.0,9.973526543316103
5025,Tom Clancy's Rainbow Six® Vegas 2,Action,9.99,2008.0,5110.0,8.53915035876828
5027,Petz® Horsez® 2,Simulation,9.99,2008.0,153.0,5.0369526024136295
5028,Heroes of Might & Magic V,Strategy,9.99,2008.0,3703.0,8.21716859576607
5030,Brothers in Arms: Road to Hill 30™,Action,9.99,2008.0,1908.0,7.554334823725748
5031,Silent Hunter®: Wolves of the Pacific,Simulation,9.99,2008.0,1050.0,6.957497370876951
5032,Silent Hunter® III,Simulation,9.99,2008.0,2421.0,7.792348924113037
5034,Silent Hunter®: Wolves of the Pacific U-Boat Missions,Simulation,9.99,2008.0,299.0,5.703782474656201
5035,Cold Fear™,Action,9.99,2008.0,1308.0,7.1770187659099
5036,IL-2 Sturmovik: 1946,Simulation,9.99,2008.0,2523.0,7.8336002236611035
5038,Tom Clancy's Ghost Recon®,Action,9.99,2008.0,1478.0,7.2991214627108
5041,Heroes of Might & Magic V: Tribes of the East,Strategy,9.99,2008.0,2815.0,7.943072717277933
5042,Heroes of Might & Magic V: Hammers of Fate,Strategy,9.99,2008.0,346.0,5.849324779946859
5043,Brothers in Arms: Hell's Highway™,Action,9.99,2008.0,2152.0,7.674617497364363
5044,Harvest: Massive Encounter,Strategy,7.99,2009.0,129.0,4.867534450455582
5045,The Wonderful End of the World,Casual,9.99,2008.0,556.0,6.322565239927284
5047,AaAaAA!!! - A Reckless Disregard for Gravity,Action,9.99,2009.0,648.0,6.47543271670409
5049,AaaaaAAaaaAAAaaAAAAaAAAAA!!! for the Awesome,Action,9.99,2011.0,535.0,6.284134161070802
5050,"Warhammer 40,000: Dawn of War II - Anniversary Edition",Strategy,9.99,2009.0,7525.0,8.926118971153382
5051,Oddworld: Abe's Oddysee®,Adventure,2.99,2008.0,2136.0,7.667158255319148
5052,Oddworld: Abe's Exoddus®,Adventure,2.99,2008.0,1433.0,7.2682230211595655
5055,Oddworld: Munch's Oddysee,Action,4.99,2010.0,946.0,6.853299093186078
5056,Oddworld: Stranger's Wrath HD,Action,9.99,2010.0,1447.0,7.277938572945661
5066,Luxor 3,Casual,9.99,2008.0,147.0,4.997212273764115
5072,Luxor,Casual,9.99,2008.0,117.0,4.770684624465665
5087,Virtual Villagers: A New Home,Casual,9.99,2008.0,158.0,5.0689042022202315
5089,Plant Tycoon,Casual,9.99,2008.0,183.0,5.214935757608986
5090,Fish Tycoon,Casual,9.99,2008.0,107.0,4.68213122712422
5095,Virtual Villagers - The Secret City,Casual,9.99,2008.0,124.0,4.8283137373023015
5099,Everyday Shooter,Indie,9.99,2008.0,117.0,4.770684624465665
5101,F.E.A.R. 2: Project Origin,Action,14.99,2009.0,5202.0,8.556990661290303
5102,F.E.A.R. 2: Reborn (DLC),Action,9.99,2009.0,285.0,5.655991810819852
5105,Trials 2: Second Edition,Indie,9.99,2008.0,258.0,5.556828061699537
5111,Insecticide Part 1,Action,3.99,2008.0,351.0,5.863631175598097
5112,Velvet Assassin,Action,5.99,2009.0,2011.0,7.60688453121963
5113,Legendary,Action,5.99,2008.0,2078.0,7.639642287858013
5114,Sid Meier's Civilization IV: Colonization,Strategy,19.99,2008.0,1186.0,7.079184394609668
5121,Civilization V - Babylon (Nebuchadnezzar II),Strategy,4.99,2010.0,117.0,4.770684624465665
5122,Sid Meier's Civilization V: Gods and Kings,Strategy,29.99,2012.0,315.0,5.755742213586912
5123,GROUND BRANCH,Action,29.99,2018.0,20081.0,9.907579170439382
5126,Children of the Nile: Enhanced Edition,Strategy,7.99,2008.0,411.0,6.021023349349527
5128,Children of the Nile: Alexandria,Strategy,2.49,2008.0,149.0,5.0106352940962555
5129,Hinterland,RPG,9.99,2008.0,217.0,5.384495062789089
5131,Crysis Warhead®,Action,19.99,2008.0,3646.0,8.20166019080868
5132,SPORE™,Action,19.99,2008.0,62536.0,11.04351366056162
5133,Mirror's Edge™,Action,19.99,2009.0,30096.0,10.312180777995717
5135,SPORE™ Creepy & Cute Parts Pack,Simulation,19.99,2008.0,1929.0,7.5652752818989315
5136,Mass Effect (2007),Action,4.49,2008.0,14795.0,9.602112152952344
5137,Dead Space (2008),Action,19.99,2009.0,21869.0,9.992871113670814
5147,Nuclear Dawn,Action,0.99,2011.0,1604.0,7.380879035564116
5154,"Precipice of Darkness, Episode One",Adventure,7.99,2008.0,340.0,5.831882477283517
5157,"Precipice of Darkness, Episode Two",Adventure,7.99,2008.0,138.0,4.9344739331306915
5159,DeathSpank,Action,14.99,2010.0,657.0,6.489204931325317
5160,DeathSpank: Thongs of Virtue,Action,14.99,2010.0,194.0,5.272999558563747
5161,The Baconing,Action,14.99,2011.0,130.0,4.875197323201151
5165,Unstoppable Gorg,Action,0.99,2012.0,209.0,5.3471075307174685
5166,Spectraball,Casual,4.99,2008.0,430.0,6.066108090103747
5167,Crazy Machines 2,Casual,9.99,2008.0,115.0,4.7535901911063645
5170,Crazy Machines,Casual,9.99,2008.0,110.0,4.709530201312334
5174,Helldorado,Strategy,9.99,2009.0,134.0,4.90527477843843
5177,Defense Grid: The Awakening,Indie,9.99,2008.0,4405.0,8.39072252736229
5187,And Yet It Moves,Action,7.99,2009.0,328.0,5.796057750765372
5190,Zero Gear,Action,4.99,2010.0,322.0,5.777652323222656
5191,Silent Hill Homecoming,Adventure,39.99,2008.0,2407.0,7.786551806428712
5193,Rocket Knight,Action,14.99,2010.0,123.0,4.820281565605037
5196,Tank Universal,Action,4.99,2008.0,329.0,5.799092654460526
5201,Alice: Madness Returns,Action,9.99,2011.0,23201.0,10.051993760835352
5202,Brothers in Arms: Earned in Blood™,Action,9.99,2008.0,1020.0,6.928537818164665
5204,Tom Clancy's Rainbow Six® 3 Gold,Action,9.99,2008.0,1822.0,7.508238774678663
5205,Far Cry® 2,Action,9.99,2008.0,16108.0,9.687133400997965
5206,Prince of Persia®,Action,9.99,2008.0,3436.0,8.142354276849835
5209,S.T.A.L.K.E.R.: Clear Sky,Action,19.99,2008.0,17518.0,9.771041285235823
5210,Red Faction,Action,9.99,2009.0,2314.0,7.747164966520335
5211,Company of Heroes: Tales of Valor,Strategy,19.99,2009.0,1588.0,7.370860166536716
5212,Red Faction II,Action,9.99,2009.0,973.0,6.881411303642535
5219,Shatter,Action,1.99,2010.0,641.0,6.464588303689961
5221,The Witcher: Enhanced Edition Director's Cut,Action,9.99,2008.0,78803.0,11.274719035978974
5223,The Witcher 2: Assassins of Kings Enhanced Edition,RPG,14.99,2012.0,78854.0,11.275366001921657
5227,LEGO® Batman™: The Videogame,Action,19.99,2008.0,10966.0,9.302646042760209
5231,Watchmen: The End is Nigh,Action,4.99,2009.0,811.0,6.699500340161678
5233,Watchmen: The End is Nigh Part 2,Action,4.99,2009.0,353.0,5.869296913133774
5236,F.E.A.R.,Action,9.99,2010.0,12654.0,9.445807672979225
5237,F.E.A.R. 3,Action,19.99,2011.0,6979.0,8.850804195756417
5238,LEGO® Harry Potter: Years 1-4,Action,19.99,2010.0,6286.0,8.74623928838306
5248,Bionic Commando,Action,9.99,2009.0,1318.0,7.1846291527173145
5249,Bionic Commando: Rearmed,Action,9.99,2009.0,711.0,6.568077911411976
5250,Resident Evil 5,Action,14.99,2009.0,37374.0,10.528757310692988
5253,Driver® Parallel Lines,Racing,9.99,2009.0,1349.0,7.2078598714324755
5254,Tom Clancy's EndWar™,Strategy,9.99,2009.0,966.0,6.874198495453294
5257,Call of Juarez: Bound in Blood,Action,1.99,2009.0,4058.0,8.308691916838898
5259,World of Goo,Indie,12.49,2008.0,4583.0,8.430327258394575
5261,Mount & Blade,Indie,9.99,2008.0,5194.0,8.555451903533328
5263,Penumbra: Black Plague Gold Edition,Action,9.99,2009.0,2586.0,7.8582541821860294
5265,Hearts of Iron 2 Complete,Strategy,14.99,2009.0,565.0,6.338594078203183
5270,Penumbra Overture,Action,9.99,2009.0,3504.0,8.16194579946869
5271,Zeno Clash,Action,9.99,2009.0,2063.0,7.6324011266014535
5273,Rock of Ages,Action,9.99,2011.0,3152.0,8.056109659545061
5274,Fallout 3,RPG,2.49,2008.0,17288.0,9.757825740104776
5275,Rogue Warrior,Action,4.99,2009.0,1136.0,7.036148493750536
5276,The Elder Scrolls III: Morrowind® Game of the Year Edition,RPG,14.99,2009.0,21039.0,9.954180666851647
5277,The Elder Scrolls IV: Oblivion® Game of the Year Edition (2009),RPG,14.99,2009.0,41589.0,10.635615032736958
5283,Fallout 3: Game of the Year Edition,RPG,4.99,2009.0,40479.0,10.608563303961347
5284,Fallout: New Vegas,Action,2.49,2010.0,187809.0,12.143186092474982
5286,Fallout 3 - Broken Steel,RPG,1.99,2010.0,120.0,4.795790545596741
5290,Hunted: The Demon’s Forge™,Action,4.99,2011.0,1073.0,6.97914527506881
5291,Fallout New Vegas: Courier's Stash,Action,0.55,2011.0,952.0,6.859614903654202
5292,Spectromancer,Indie,6.99,2009.0,316.0,5.75890177387728
5296,Worms Reloaded,Strategy,19.99,2010.0,3250.0,8.086717920303906
5297,Alien Breed: Impact,Action,1.99,2010.0,998.0,6.906754778648554
5305,Alien Breed 2: Assault,Action,9.99,2010.0,396.0,5.983936280687191
5309,Alien Breed 3: Descent,Action,9.99,2010.0,363.0,5.8971538676367405
5320,Gyromancer,RPG,5.99,2009.0,192.0,5.262690188904886
5321,Imperium Romanum Gold Edition,Simulation,9.99,2008.0,324.0,5.783825182329737
5323,Europa Universalis: Rome - Gold Edition,Strategy,9.99,2008.0,200.0,5.303304908059076
5325,Grand Ages: Rome,Simulation,9.99,2009.0,597.0,6.393590753950631
5327,Ceville,Action,3.99,2009.0,160.0,5.081404364984463
5329,Tropico 3,Simulation,9.99,2009.0,797.0,6.682108597449809
5330,Puzzle Quest: Galactrix,Casual,9.99,2009.0,306.0,5.726847747587197
5333,Earth Defense Force: Insect Armageddon,Action,9.99,2011.0,876.0,6.776506992372183
5339,Depths of Peril,Indie,9.99,2010.0,118.0,4.77912349311153
5341,Puzzle Kingdoms,Casual,14.99,2009.0,125.0,4.836281906951478
5342,Train Simulator Classic,Simulation,29.99,2015.0,18811.0,9.842250243064939
5364,PAYDAY™ The Heist,Action,14.99,2011.0,21515.0,9.976552123393134
5365,King Arthur - The Role-playing Wargame,RPG,9.99,2009.0,435.0,6.077642243349034
5367,Aquaria,Indie,9.99,2008.0,720.0,6.580639137284949
5375,King Arthur II: The Role-Playing Wargame,RPG,9.99,2012.0,318.0,5.765191102784844
5388,Trainz™ Simulator 12,Simulation,9.99,2011.0,1610.0,7.384610383176974
5396,SPORE™ Galactic Adventures,Action,19.99,2009.0,6855.0,8.832879460277615
5398,SimCity™ 4 Deluxe Edition,Simulation,19.99,2010.0,8015.0,8.989194823324645
5405,The Saboteur™,Action,9.99,2024.0,2026.0,7.614312146452
5406,Overgrowth,Action,19.99,2017.0,5918.0,8.685922794690725
5409,Lugaru HD,Action,9.99,2010.0,329.0,5.799092654460526
5418,Madballs in Babo:Invasion,Action,4.99,2009.0,206.0,5.332718793265369
5433,Europa Universalis III Complete,Strategy,14.99,2009.0,1363.0,7.218176838403408
5457,Knights of Honor,Strategy,9.99,2009.0,2112.0,7.655864017616056
5459,Elven Legacy,RPG,4.99,2009.0,129.0,4.867534450455582
5460,Sword of the Stars: Complete Collection,Strategy,9.99,2010.0,574.0,6.354370040797351
5462,Hearts of Iron III,Strategy,9.99,2009.0,4889.0,8.494947582468917
5471,King's Bounty: The Legend,RPG,6.99,2009.0,2747.0,7.91862865334224
5472,Supreme Ruler 2020 Gold,Strategy,9.99,2009.0,209.0,5.3471075307174685
5473,East India Company,Strategy,9.99,2009.0,171.0,5.147494476813453
5477,Majesty 2,Simulation,9.99,2009.0,1098.0,7.002155954403621
5478,Majesty Gold HD,Simulation,9.99,2009.0,494.0,6.20455776256869
5479,The Maw,Action,9.99,2009.0,297.0,5.697093486505405
5487,Cogs,Casual,5.99,2009.0,298.0,5.700443573390687
5492,Braid,Casual,14.99,2009.0,6829.0,8.829079952564836
5496,Crayon Physics Deluxe,Casual,19.99,2009.0,340.0,5.831882477283517
5499,The Path,Adventure,9.99,2009.0,819.0,6.709304340258298
5500,The Graveyard,Indie,4.99,2009.0,355.0,5.87493073085203
5503,Fatale,Adventure,6.99,2009.0,120.0,4.795790545596741
5512,Twin Sector,Action,4.99,2009.0,194.0,5.272999558563747
5514,Booster Trooper,Action,1.99,2010.0,154.0,5.043425116919247
5516,Dead Horde,Action,3.99,2011.0,435.0,6.077642243349034
5517,Kane & Lynch 2: Dog Days,Action,9.99,2010.0,6179.0,8.729073550451737
5523,Musaic Box,Indie,4.99,2009.0,136.0,4.919980925828125
5526,Blueberry Garden,Adventure,4.99,2009.0,129.0,4.867534450455582
5529,Osmos,Casual,9.99,2009.0,664.0,6.499787040655854
5539,Caster,Action,9.99,2009.0,3340.0,8.114025442356757
5540,Dark Sector,Action,9.99,2009.0,631.0,6.448889394146858
5541,Wallace & Gromit’s Grand Adventures,Adventure,14.99,2009.0,268.0,5.594711379601839
5545,Tales of Monkey Island: Complete Season,Adventure,14.99,2009.0,630.0,6.447305862541213
5546,Tales of Monkey Island Complete Pack: Chapter 2 - The Siege of Spinner Cay,Adventure,14.99,2009.0,126.0,4.844187086458591
5547,Tales of Monkey Island Complete Pack: Chapter 3 - Lair of the Leviathan,Adventure,14.99,2009.0,113.0,4.736198448394496
5549,Tales of Monkey Island Complete Pack: Chapter 4 - The Trial and Execution of Guybrush Threepwood,Adventure,14.99,2009.0,126.0,4.844187086458591
5550,Tales of Monkey Island Complete Pack: Chapter 5 - Rise of the Pirate God,Adventure,14.99,2009.0,144.0,4.976733742420574
5556,Puzzle Agent,Action,4.99,2010.0,1550.0,7.346655163176539
5563,Nancy Drew®: Danger by Design,Adventure,9.99,2009.0,156.0,5.056245805348308
5564,Nancy Drew®: Last Train to Blue Moon Canyon,Adventure,9.99,2009.0,350.0,5.860786223465865
5565,Nancy Drew®: The Haunted Carousel,Adventure,9.99,2009.0,217.0,5.384495062789089
5566,Nancy Drew®: Curse of Blackmoor Manor,Adventure,9.99,2009.0,376.0,5.932245187448011
5567,Nancy Drew®: Danger on Deception Island,Adventure,9.99,2009.0,257.0,5.552959584921617
5568,Nancy Drew®: Ghost Dogs of Moon Lake,Adventure,9.99,2009.0,257.0,5.552959584921617
5569,Nancy Drew®: Legend of the Crystal Skull,Adventure,9.99,2009.0,196.0,5.2832037287379885
5571,Nancy Drew®: Secret of the Old Clock,Adventure,9.99,2009.0,222.0,5.407171771460119
5572,Nancy Drew®: Secret of the Scarlet Hand,Action,9.99,2009.0,184.0,5.220355825078324
5573,Nancy Drew®: The Creature of Kapu Cave,Adventure,9.99,2009.0,158.0,5.0689042022202315
5574,Nancy Drew®: The Haunting of Castle Malloy,Adventure,9.99,2009.0,189.0,5.247024072160486
5575,Nancy Drew®: The Phantom of Venice,Adventure,9.99,2009.0,186.0,5.231108616854587
5576,Nancy Drew®: The White Wolf of Icicle Creek,Adventure,9.99,2009.0,215.0,5.375278407684165
5590,Everyday Genius: SquareLogic,Casual,4.99,2009.0,408.0,6.013715156042802
5591,Zombie Bowl-o-Rama,Casual,9.99,2009.0,199.0,5.298317366548036
5595,Indiana Jones® and the Last Crusade™,Adventure,5.99,2009.0,305.0,5.723585101952381
5596,LEGO® Indiana Jones™: The Original Adventures,Action,19.99,2009.0,2723.0,7.909856667269403
5597,LOOM™,Adventure,5.99,2009.0,588.0,6.3784261836515865
5598,STAR WARS™ Starfighter™,Action,5.99,2009.0,489.0,6.194405391104672
5599,The Secret of Monkey Island: Special Edition,Adventure,9.99,2009.0,5094.0,8.536014945656826
5600,STAR WARS™ Knights of the Old Republic™,Adventure,9.99,2009.0,27297.0,10.21456871841614
5601,STAR WARS™ Jedi Knight: Dark Forces II,Action,5.99,2009.0,1757.0,7.471932078245122
5602,STAR WARS™ Jedi Knight - Mysteries of the Sith™,Action,2.99,2009.0,865.0,6.763884908562435
5603,"STAR WARS™ Dark Forces (Classic, 1995)",Action,5.99,2009.0,2340.0,7.75833346749091
5605,STAR WARS™ - The Force Unleashed™ Ultimate Sith Edition,Action,19.99,2009.0,8118.0,9.001962272862446
5606,LEGO® Star Wars™ - The Complete Saga,Adventure,19.99,2009.0,19800.0,9.893487720457795
5607,LEGO® Indiana Jones™ 2: The Adventure Continues,Adventure,19.99,2010.0,1153.0,7.050989447068045
5608,Monkey Island™ 2 Special Edition: LeChuck’s Revenge™,Adventure,9.99,2010.0,2484.0,7.818027938530729
5609,STAR WARS™ Empire at War - Gold Pack,Strategy,19.99,2010.0,34044.0,10.435438457917067
5610,STAR WARS™: The Force Unleashed™ II,Action,19.99,2010.0,5529.0,8.61794309451638
5611,LEGO® Star Wars™ III - The Clone Wars™,Action,19.99,2011.0,6783.0,8.822322177471738
5612,Delta Force Xtreme 2,Action,19.99,2009.0,214.0,5.3706380281276624
5613,Delta Force 1,Action,4.99,2009.0,606.0,6.408528791059498
5614,Delta Force 2,Action,4.99,2009.0,472.0,6.159095388491933
5615,Delta Force Land Warrior,Action,9.99,2009.0,339.0,5.8289456176102075
5616,Delta Force: Task Force Dagger,Action,9.99,2009.0,166.0,5.117993812416755
5617,Delta Force: Xtreme,Action,19.99,2009.0,156.0,5.056245805348308
5618,Delta Force — Black Hawk Down: Team Sabre,Action,9.99,2009.0,506.0,6.2285110035911835
5620,F-16 Multirole Fighter,Simulation,9.99,2009.0,128.0,4.859812404361672
5621,F-22 Lightning 3,Simulation,9.99,2009.0,176.0,5.176149732573829
5623,Comanche 4,Action,9.99,2009.0,276.0,5.6240175061873385
5626,Tachyon: The Fringe,Simulation,9.99,2009.0,217.0,5.384495062789089
5627,Joint Operations: Combined Arms Gold,Action,19.99,2009.0,250.0,5.5254529391317835
5628,Restaurant Empire II,Casual,19.99,2009.0,285.0,5.655991810819852
5629,Alien Shooter,Action,4.99,2009.0,3645.0,8.201385955238608
5630,Alien Shooter: Revisited,Action,4.99,2009.0,624.0,6.437751649736401
5631,Alien Shooter 2: Reloaded,Action,4.99,2009.0,2314.0,7.747164966520335
5632,Zombie Shooter,Action,4.99,2009.0,839.0,6.733401891837359
5637,Zombie Shooter 2,Action,9.99,2009.0,509.0,6.234410725718371
5639,Tom Clancy's Splinter Cell Conviction™,Action,2.49,2010.0,4179.0,8.338066525518801
5640,Assassin's Creed 2,Action,19.99,2010.0,53206.0,10.881945245621354
5643,Prince of Persia: The Forgotten Sands™,Action,9.99,2010.0,2534.0,7.837948916025283
5646,From Dust,Adventure,14.99,2011.0,2715.0,7.906915488678587
5647,Tropico Reloaded,Simulation,6.99,2009.0,766.0,6.642486801367256
5650,Patrician III,RPG,4.99,2010.0,834.0,6.727431724850855
5652,Broken Sword 2 - the Smoking Mirror: Remastered (2010),Adventure,5.99,2009.0,1155.0,7.052721049232323
5653,Broken Sword 3 - the Sleeping Dragon (2003),Adventure,5.99,2009.0,699.0,6.551080335043404
5654,Crash Time 3,Action,5.99,2009.0,510.0,6.236369590203704
5655,Puzzler World,Casual,4.99,2010.0,321.0,5.7745515455444085
5657,Disciples III - Renaissance Steam Special Edition,RPG,3.99,2010.0,351.0,5.863631175598097
5658,eversion,Indie,4.99,2010.0,1075.0,6.98100574072173
5662,18 Wheels of Steel: Extreme Trucker,Simulation,9.99,2009.0,126.0,4.844187086458591
5665,Drakensang: The River of Time,RPG,19.99,2011.0,315.0,5.755742213586912
5666,Drakensang - Phileasson's Secret,RPG,9.99,2011.0,103.0,4.6443908991413725
5669,ARMA 2,Action,12.99,2009.0,454.0,6.12029741895095
5670,Arma 2: Operation Arrowhead,Action,19.99,2010.0,16099.0,9.686574550972555
5671,Arma 2: Army of the Czech Republic,Action,8.99,2012.0,178.0,5.187385805840755
5672,Fish Fillets 2,Casual,4.99,2010.0,107.0,4.68213122712422
5674,Pound of Ground,Action,9.99,2010.0,126.0,4.844187086458591
5675,Alternativa,Adventure,12.99,2010.0,195.0,5.278114659230517
5676,Alpha Protocol™,Action,19.99,2010.0,3319.0,8.107720061910534
5677,Total War: NAPOLEON – Definitive Edition,Strategy,24.99,2010.0,16748.0,9.72609383397847
5683,Sonic & SEGA All-Stars Racing,Racing,9.99,2010.0,2437.0,7.798933310041217
5686,Total War: SHOGUN 2,Strategy,29.99,2011.0,36029.0,10.492107203742139
5688,Total War: SHOGUN 2 - Rise of the Samurai Campaign,Strategy,9.99,2011.0,168.0,5.1298987149230735
5694,Death to Spies: Moment of Truth,Action,6.99,2009.0,398.0,5.988961416889864
5695,XIII Century – Gold Edition,Strategy,4.99,2009.0,112.0,4.727387818712341
5698,Order of War™,Strategy,7.99,2009.0,431.0,6.068425588244111
5706,Project Freedom,Action,2.99,2009.0,171.0,5.147494476813453
5707,Combat Wings: Battle of Britain,Simulation,4.99,2009.0,503.0,6.222576268071369
5708,Sniper: Ghost Warrior,Action,7.99,2010.0,5339.0,8.582980931954241
5710,Sniper: Ghost Warrior - Second Strike,Action,1.99,2011.0,103.0,4.6443908991413725
5711,Sniper: Ghost Warrior 2,Action,9.99,2013.0,13247.0,9.49160187662504
5713,Bad Rats: the Rats' Revenge,Indie,1.99,2009.0,7062.0,8.862625169408922
5715,Razor2: Hidden Skies,Action,7.99,2010.0,112.0,4.727387818712341
5717,Mini Ninjas,Action,9.99,2009.0,3505.0,8.16223106548118
5718,Batman: Arkham Asylum Game of the Year Edition,Action,19.99,2010.0,55079.0,10.916541952842591
5721,Flora's Fruit Farm,Casual,3.99,2009.0,151.0,5.0238805208462765
5728,Just Cause 2: Black Market Aerial Pack DLC,Action,1.99,2010.0,122.0,4.812184355372417
5731,Lara Croft and the Guardian of Light,Action,9.99,2010.0,3414.0,8.13593277200489
5738,Warfare,Strategy,12.99,2009.0,160.0,5.081404364984463
5739,Clutch,Action,9.99,2009.0,115.0,4.7535901911063645
5740,Insane 2,Racing,14.99,2012.0,225.0,5.420534999272286
5745,Red Orchestra 2: Heroes of Stalingrad with Rising Storm,Action,19.99,2011.0,24537.0,10.107978215351128
5746,The Ball,Action,9.99,2010.0,808.0,6.695798917058491
5747,Dwarfs!?,Casual,9.99,2011.0,629.0,6.4457198193855785
5752,Trine Enchanted Edition,Action,2.99,2009.0,12490.0,9.43276366396591
5754,Trine 2: Complete Story,Action,3.99,2013.0,15084.0,9.621456151593161
5756,Foreign Legion: Buckets of Blood,Action,3.99,2009.0,237.0,5.472270673671475
5763,The Void,Action,9.99,2009.0,894.0,6.796823718274855
5765,Chocolatier®: Decadence by Design™,Simulation,9.99,2009.0,271.0,5.605802066295998
5766,Cooking Dash®,Simulation,9.99,2009.0,119.0,4.787491742782046
5768,Diner Dash:® Hometown Hero™,Simulation,9.99,2009.0,321.0,5.7745515455444085
5769,Emerald City Confidential™,Adventure,9.99,2009.0,123.0,4.820281565605037
5782,"Time Gentlemen, Please! and Ben There, Dan That! Special Edition  Double Pack",Adventure,4.99,2009.0,456.0,6.124683390894205
5786,Windosill,Adventure,2.99,2009.0,671.0,6.51025834052315
5806,Farm Frenzy,Casual,4.99,2010.0,181.0,5.204006687076795
5807,Farm Frenzy 2,Casual,4.99,2010.0,186.0,5.231108616854587
5816,Roogoo,Casual,3.99,2009.0,232.0,5.4510384535657
5817,Hotel Giant 2,Casual,1.59,2010.0,258.0,5.556828061699537
5819,Fallout: A Post Nuclear Role Playing Game,RPG,2.49,2015.0,14942.0,9.611998241741393
5820,Fallout 2: A Post Nuclear Role Playing Game,RPG,2.49,2009.0,12638.0,9.444542550647126
5821,Fallout Tactics: Brotherhood of Steel,Strategy,2.49,2009.0,2154.0,7.675546002537848
5822,Kingpin — Life of Crime,Action,9.99,2009.0,425.0,6.054439346269371
5824,MDK,Action,9.99,2009.0,321.0,5.7745515455444085
5825,MDK 2,Action,9.99,2009.0,201.0,5.308267697401205
5827,Earthworm Jim 2,Action,19.99,2009.0,102.0,4.634728988229636
5829,Faerie Solitaire,Casual,14.99,2010.0,1351.0,7.20934025660291
5830,Toki Tori,Casual,4.99,2010.0,1613.0,7.3864708488298945
5832,RUSH,Casual,4.99,2010.0,1081.0,6.9865664594064265
5834,EDGE,Action,6.99,2011.0,1789.0,7.489970898834801
5845,SEASON OF MYSTERY: The Cherry Blossom Murders,Casual,4.99,2010.0,278.0,5.631211781821365
5847,FINAL FANTASY VII,RPG,11.99,2013.0,24949.0,10.124629101179664
5848,FINAL FANTASY VIII,RPG,11.99,2013.0,7617.0,8.938269147038548
5849,Dungeon Siege III,Action,14.99,2011.0,1940.0,7.57095858316901
5850,Dungeon Siege,RPG,6.99,2011.0,3621.0,8.19478163844336
5851,Dungeon Siege II,RPG,6.99,2005.0,2488.0,7.819636302367592
5852,FINAL FANTASY XIV Online,Massively Multiplayer,19.99,2014.0,75306.0,11.229328370954718
5863,Gothic® 3,Action,19.99,2009.0,8537.0,9.052282067317908
5864,Gothic II: Gold Edition,Action,19.99,2005.0,11326.0,9.334944535200714
5865,The Guild Gold Edition,Simulation,9.99,2014.0,514.0,6.244166900663736
5866,Painkiller: Black Edition,Action,9.99,2007.0,1749.0,7.4673710669175595
5867,SpellForce - Platinum Edition,Action,9.99,2009.0,2259.0,7.723120092266331
5869,Painkiller: Resurrection,Action,9.99,2009.0,495.0,6.206575926724928
5874,AquaNox,Action,4.99,2010.0,267.0,5.5909869805108565
5875,AquaNox 2: Revelation,Action,4.99,2010.0,200.0,5.303304908059076
5876,The Guild II,Simulation,9.99,2010.0,581.0,6.366470447731438
5877,The Guild II - Pirates of the European Seas,Simulation,9.99,2010.0,209.0,5.3471075307174685
5878,Chaser,Action,4.99,2010.0,1039.0,6.946975992135418
5879,The Guild II Renaissance,Simulation,9.99,2010.0,3332.0,8.11162807830774
5880,ArcaniA,RPG,19.99,2010.0,2141.0,7.669495251007694
5881,Nation Red,Action,2.99,2009.0,2186.0,7.690286020676768
5885,Supreme Commander 2,Strategy,12.99,2010.0,8070.0,8.996032669324372
5886,Supreme Commander 2: Infinite War Battle Pack,Strategy,4.99,2010.0,347.0,5.8522024797744745
5890,Risen,RPG,14.99,2009.0,7294.0,8.894944460956886
5894,Rush for Berlin Gold,Strategy,4.99,2009.0,152.0,5.030437921392435
5895,Secret Files: Tunguska,Adventure,9.99,2009.0,350.0,5.860786223465865
5896,Secret Files 2: Puritas Cordis,Adventure,9.99,2009.0,190.0,5.25227342804663
5897,Lost Horizon,Adventure,9.99,2010.0,430.0,6.066108090103747
5899,nail'd,Racing,1.59,2010.0,1038.0,6.946013991099227
5900,Risen 2: Dark Waters,RPG,9.99,2012.0,3281.0,8.096208271650037
5904,AI War: Fleet Command,Indie,9.75,2009.0,983.0,6.891625897052253
5909,Tidalis,Casual,4.99,2010.0,102.0,4.634728988229636
5912,Machinarium,Adventure,19.99,2009.0,15227.0,9.630891117502388
5915,Samorost 2,Adventure,4.99,2009.0,2094.0,7.647308832356238
5916,Super Meat Boy,Indie,14.99,2010.0,27220.0,10.211744013223518
5917,The Misadventures of P.B. Winterbottom,Adventure,4.99,2010.0,388.0,5.963579343618446
5918,Borderlands: Mad Moxxi's Underdome Riot,Action,29.99,2010.0,584.0,6.371611847231857
5921,Stronghold HD (2012),Simulation,5.99,2013.0,8366.0,9.032050676295599
5926,Stronghold Crusader HD (2012),Simulation,9.99,2013.0,16911.0,9.735778708110018
5927,Stronghold Legends: Steam Edition,Simulation,14.99,2016.0,2122.0,7.660585461703256
5928,Mafia,Action,4.94,2002.0,8509.0,9.04899722156742
5929,Serious Sam HD: The First Encounter,Action,14.99,2009.0,6819.0,8.827614750837508
5930,Serious Sam HD: The Second Encounter,Action,19.99,2010.0,678.0,6.520621127558696
5931,Serious Sam HD: The Second Encounter - Legend of the Beast,Action,4.99,2012.0,122.0,4.812184355372417
5933,Serious Sam Classic: The First Encounter,Action,5.99,2019.0,2800.0,7.937731775260109
5934,Serious Sam Classic: The Second Encounter,Action,5.99,2019.0,1632.0,7.398174092970465
5935,Serious Sam 3: BFE,Action,29.99,2011.0,21197.0,9.9616621165872
5936,Serious Sam 3: Jewel of the Nile,Action,9.99,2012.0,379.0,5.940171252720432
5943,Torchlight,RPG,14.99,2009.0,5216.0,8.559677803022392
5945,Earthworm Jim 3D,Action,19.99,2009.0,116.0,4.762173934797756
5950,S.T.A.L.K.E.R.: Call of Pripyat,Action,19.99,2010.0,24644.0,10.112329319139478
5952,Cargo! The Quest for Gravity,Action,9.99,2011.0,303.0,5.717027701406222
5954,Gratuitous Space Battles,Indie,14.99,2009.0,540.0,6.293419278846481
5962,The Bard's Tale ARPG: Remastered and Resnarkled,Action,16.79,2009.0,933.0,6.839476438228843
5964,Lead and Gold: Gangs of the Wild West,Action,9.99,2010.0,893.0,6.795705775173514
5965,Hamilton's Great Adventure,Adventure,9.99,2011.0,221.0,5.402677381872279
5967,Krater,Action,14.99,2012.0,661.0,6.495265555937008
5971,Nancy Drew®: Secrets Can Kill REMASTERED,Adventure,19.99,2011.0,310.0,5.739792912179234
5972,Nancy Drew®: The Captive Curse,Adventure,19.99,2011.0,210.0,5.351858133476067
5973,Nancy Drew®: Trail of the Twister,Adventure,14.99,2011.0,142.0,4.962844630259907
5974,DogFighter,Action,0.99,2010.0,213.0,5.365976015021851
5977,Singularity™,Action,29.99,2010.0,5240.0,8.564267598802166
5979,Call of Duty®: Modern Warfare® 3 (2011),Action,39.99,2011.0,14482.0,9.580730826800856
5984,Call of Duty®: Black Ops,Action,39.99,2010.0,20733.0,9.939530143883058
5985,Call of Duty®: Black Ops First Strike Content Pack,Action,14.99,2011.0,119.0,4.787491742782046
5986,Call of Duty®: Black Ops Escalation Content Pack,Action,14.99,2011.0,167.0,5.123963979403259
5987,Call of Duty®: Black Ops - Rezurrection Content Pack,Action,14.99,2011.0,431.0,6.068425588244111
5991,For The Glory: A Europa Universalis Game,Simulation,9.99,2009.0,139.0,4.941642422609304
5993,Arsenal of Democracy: A Hearts of Iron Game,Strategy,9.99,2010.0,326.0,5.7899601708972535
6030,Magicka,Action,30.0,2011.0,18813.0,9.842356552531896
6040,Magicka: Vietnam,Action,4.99,2011.0,116.0,4.762173934797756
6060,The Kings' Crusade,Strategy,9.99,2010.0,102.0,4.634728988229636
6129,Victoria II,Strategy,19.99,2010.0,16216.0,9.693815353719375
6230,Victoria I Complete,Strategy,9.99,2010.0,219.0,5.393627546352362
6250,Sword of the Stars II: Enhanced Edition,Strategy,19.99,2012.0,670.0,6.508769136971682
6260,Front Mission Evolved,Action,13.95,2010.0,699.0,6.551080335043404
6330,World of Zoo,Simulation,9.99,2009.0,176.0,5.176149732573829
6340,The Haunted: Hells Reach,Action,8.99,2011.0,533.0,6.280395838960195
6350,M.U.D. TV,Simulation,9.99,2010.0,138.0,4.9344739331306915
6360,Nancy Drew®: Warnings at Waverly Academy,Adventure,14.99,2010.0,303.0,5.717027701406222
6600,GT Legends,Racing,7.99,2012.0,208.0,5.342334251964811
6610,Secret of the Magic Crystals,Casual,4.99,2010.0,638.0,6.459904454377535
6720,Wings of Prey,Simulation,9.99,2010.0,662.0,6.4967749901858625
6820,Fortix,Indie,0.99,2010.0,584.0,6.371611847231857
6860,Fortix 2,Casual,1.99,2011.0,264.0,5.579729825986222
6900,Dead Rising® 2,Action,19.99,2010.0,5846.0,8.67368398817567
6920,Ultra Street Fighter® IV,Action,29.99,2014.0,10457.0,9.255122514748075
6930,Dead Rising 2: Off the Record,Action,19.99,2011.0,2591.0,7.860185057472165
7240,NecroVisioN: Lost Company,Action,6.99,2010.0,409.0,6.016157159698354
7250,Star Wolves 3: Civil War,RPG,4.99,2010.0,517.0,6.249975242259483
7260,Star Wolves,RPG,3.99,2010.0,368.0,5.910796644040527
7270,Star Wolves 2,RPG,3.99,2010.0,134.0,4.90527477843843
7280,Theatre of War,Strategy,5.95,2010.0,289.0,5.66988092298052
7290,Theatre of War 2: Africa 1943,Simulation,4.99,2010.0,197.0,5.288267030694535
7410,Theatre of War 2: Kursk 1943,Simulation,4.99,2010.0,182.0,5.209486152841421
7430,Rig n Roll,Simulation,4.99,2010.0,377.0,5.934894195619588
7450,Greed: Black Border,Action,0.99,2010.0,206.0,5.332718793265369
7470,Avencast: Rise of the Mage,Action,4.99,2010.0,296.0,5.6937321388027
7490,Future Wars,Strategy,0.69,2010.0,231.0,5.44673737166631
7500,Grotesque Tactics: Evil Heroes,Indie,0.79,2010.0,317.0,5.762051382780177
7520,Still Life,Adventure,7.99,2011.0,833.0,6.726233402358747
7530,Still Life 2,Adventure,7.99,2011.0,454.0,6.12029741895095
7600,Syberia,Adventure,12.99,2011.0,3695.0,8.215006432761575
7610,Syberia II,Adventure,12.99,2011.0,1585.0,7.368970402194793
7620,Wasteland Angel,Action,4.99,2011.0,133.0,4.897839799950911
7630,Trapped Dead,Action,0.69,2011.0,517.0,6.249975242259483
7650,Post Mortem,Adventure,7.99,2011.0,333.0,5.811140992976701
7660,Robin Hood: The Legend of Sherwood,Strategy,7.99,2011.0,1244.0,7.126890808898808
7670,Grotesque Tactics 2 – Dungeons and Donuts,Adventure,0.79,2011.0,174.0,5.1647859739235145
7790,Dark Fall: Lost Souls,Adventure,12.99,2010.0,202.0,5.313205979041787
7810,Making History II: The War of the World,Indie,14.99,2010.0,325.0,5.786897381366708
7900,Stronghold 3 Gold,Simulation,29.99,2012.0,2907.0,7.97522083865341
8000,Dead Space™ 2,Action,19.99,2011.0,23026.0,10.04442271945762
8009,Medal of Honor™,Action,19.99,2010.0,6228.0,8.736971085254146
8010,Dragon Age: Origins - Ultimate Edition,RPG,29.99,2010.0,26679.0,10.19166950002956
8040,The Sims™ 3,Simulation,19.99,2011.0,30176.0,10.314835323802448
8060,The Sims™ 3 World Adventures,Simulation,19.99,2011.0,108.0,4.6913478822291435
8080,The Sims™ 3 Late Night,Simulation,19.99,2011.0,119.0,4.787491742782046
8140,The Sims™ 3 Generations,Simulation,19.99,2011.0,111.0,4.718498871295094
8160,The Sims™ 3 Pets,Simulation,19.99,2011.0,328.0,5.796057750765372
8179,LIMBO,Action,0.99,2011.0,37820.0,10.540619782899379
8190,Silent Hunter 5®: Battle of the Atlantic,Simulation,9.99,2010.0,2425.0,7.793999089503996
8330,Assassin’s Creed® Brotherhood,Action,19.99,2011.0,22691.0,10.029767718446458
8400,Might & Magic: Heroes VI,RPG,9.99,2011.0,8317.0,9.026177120302856
8500,Anno 2070™,Strategy,19.99,2011.0,11395.0,9.341017695617799
8600,Mount & Blade: Warband,Action,19.99,2010.0,132303.0,11.792857583961949
8610,Mount & Blade: Warband - Napoleonic Wars,Action,9.99,2012.0,3102.0,8.04012466444838
8630,Mount & Blade: With Fire & Sword,Action,9.99,2011.0,10956.0,9.301733800405394
8640,Ship Simulator Extremes,Simulation,19.99,2010.0,1698.0,7.4377951216719325
8710,Greed Corp,Strategy,9.99,2010.0,367.0,5.908082938168931
8720,Hotel Dash™ Suite Success™,Casual,6.99,2010.0,106.0,4.672828834461906
8730,Commander: Conquest of the Americas,Strategy,9.99,2010.0,144.0,4.976733742420574
8770,Pirates of Black Cove,Strategy,9.99,2011.0,117.0,4.770684624465665
8840,Borderlands 2,Action,19.99,2012.0,213331.0,12.270604916648214
8850,Aliens: Colonial Marines Collection,Action,29.99,2012.0,7506.0,8.923591197573002
8859,Beat Hazard,Action,9.99,2010.0,5035.0,8.524367395164237
8900,Flight of the Icarus,Action,4.99,2010.0,222.0,5.407171771460119
8910,CreaVures,Indie,4.99,2011.0,104.0,4.653960350157523
8950,Nimbus,Indie,9.99,2010.0,182.0,5.209486152841421
8970,Borderlands: The Secret Armory of General Knoxx,Action,29.99,2010.0,365.0,5.902633333401366
8989,Mafia II (Classic),Action,29.99,2011.0,34694.0,10.45435086333365
9060,Burn Zombie Burn!,Action,9.99,2010.0,118.0,4.77912349311153
9350,Mystery Case Files: Ravenhearst®,Adventure,9.99,2010.0,142.0,4.962844630259907
9360,Mystery Case Files: Return to Ravenhearst™,Adventure,9.99,2010.0,125.0,4.836281906951478
9370,My Tribe,Casual,9.99,2010.0,126.0,4.844187086458591
9440,Drawn®: The Painted Tower,Adventure,9.99,2011.0,181.0,5.204006687076795
9450,Flotilla,Adventure,9.99,2010.0,194.0,5.272999558563747
9480,Atom Zombie Smasher,Indie,9.99,2011.0,1060.0,6.966967138613983
9500,Homefront,Action,19.99,2011.0,3836.0,8.252446090246952
9510,Red Faction®: Armageddon™,Action,19.99,2011.0,2536.0,7.838737559599282
9730,MX vs. ATV Reflex,Racing,19.99,2010.0,2752.0,7.920446505142607
9740,"Warhammer 40,000: Space Marine - Anniversary Edition",Action,9.99,2011.0,16887.0,9.734358589528156
9850,Saints Row: The Third,Action,2.49,2011.0,48176.0,10.782637007729601
9907,Saints Row The Third - Genkibowl VII,Action,0.97,2012.0,113.0,4.736198448394496
9908,Saints Row: The Third - Gangstas in Space,Action,0.97,2012.0,128.0,4.859812404361672
9910,Saints Row: The Third - The Trouble with Clones DLC,Action,0.97,2012.0,153.0,5.0369526024136295
9949,Saints Row: The Third Invincible Pack,Action,0.98,2011.0,117.0,4.770684624465665
9980,Saints Row: The Third - Unlockable Pack,Action,0.99,2012.0,114.0,4.74493212836325
10440,NyxQuest: Kindred Spirits,Action,2.99,2010.0,114.0,4.74493212836325
10470,Puzzle Dimension,Casual,9.99,2010.0,443.0,6.095824562432225
10490,Amnesia: The Dark Descent,Action,19.99,2010.0,19510.0,9.878733688069898
10510,Tropico 3: Absolute Power,Simulation,9.99,2010.0,411.0,6.021023349349527
10520,Patrician IV,Strategy,14.99,2010.0,543.0,6.298949246855942
10540,Dungeons,RPG,1.99,2011.0,673.0,6.513230110912307
10560,The First Templar - Steam Special Edition,Action,9.99,2011.0,519.0,6.253828811575473
10570,Tropico 4,Simulation,14.99,2011.0,8065.0,8.995412975433313
10602,Who's That Flying?!,Action,5.99,2011.0,131.0,4.882801922586371
10604,Patrician IV: Rise of a Dynasty,Strategy,9.99,2011.0,458.0,6.129050210060545
10605,Jagged Alliance - Back in Action,RPG,19.99,2012.0,1008.0,6.9167150203536085
10608,Duke Nukem Forever,Action,19.99,2011.0,6099.0,8.716044050161402
10630,Jolly Rover,Adventure,9.99,2010.0,233.0,5.455321115357702
10695,Blood Bowl - Legendary Edition,Sports,9.99,2010.0,738.0,6.6052979209482015
10696,A Game of Thrones - Genesis,Strategy,9.99,2011.0,401.0,5.996452088619021
10697,Runaway: A Twist of Fate,Adventure,0.74,2011.0,376.0,5.932245187448011
10699,The Next BIG Thing,Adventure,0.74,2011.0,630.0,6.447305862541213
11000,Wargame: European Escalation,Indie,9.99,2012.0,2574.0,7.853604813097837
11140,Numen: Contest of Heroes,RPG,7.99,2010.0,146.0,4.990432586778736
11172,Lucid,Indie,4.99,2011.0,112.0,4.727387818712341
11190,Age of Wonders,RPG,5.99,2010.0,860.0,6.7580945044277305
11200,Age of Wonders II: The Wizard's Throne,RPG,9.99,2010.0,316.0,5.75890177387728
11202,Age of Wonders Shadow Magic,RPG,9.99,2010.0,512.0,6.240275845170769
11220,Zen Bound 2,Indie,4.99,2010.0,283.0,5.648974238161206
11230,Critter Crunch,Action,6.99,2012.0,265.0,5.583496308781699
11240,Flight Control HD,Action,4.99,2010.0,482.0,6.180016653652572
11250,Chime,Casual,4.99,2010.0,633.0,6.452048954437226
11260,HOARD,Action,3.99,2011.0,523.0,6.261491684321042
11340,Alter Ego,Adventure,9.99,2010.0,142.0,4.962844630259907
11350,Monday Night Combat,Action,4.49,2011.0,893.0,6.795705775173514
11424,Swords and Soldiers HD,Action,5.99,2010.0,367.0,5.908082938168931
11440,Riven (1997),Adventure,5.99,2010.0,1249.0,7.1308988302963465
11480,URU: Complete Chronicles,Adventure,9.99,2010.0,160.0,5.081404364984463
11500,Myst: Masterpiece Edition,Adventure,5.99,2011.0,901.0,6.804614520062624
11520,BIT.TRIP BEAT,Action,9.99,2010.0,654.0,6.484635235635252
11550,BIT.TRIP RUNNER,Action,9.99,2011.0,1817.0,7.505492274737424
11600,Delve Deeper,Adventure,4.99,2010.0,346.0,5.849324779946859
11604,Fantasy Wars,Strategy,4.99,2010.0,228.0,5.43372200355424
11605,King's Bounty: Crossworlds,RPG,14.99,2010.0,1229.0,7.114769448366463
11610,Men of War: Vietnam,Strategy,7.99,2011.0,1061.0,6.967909201801884
11920,Theatre of War 3: Korea,Strategy,6.99,2011.0,156.0,5.056245805348308
12130,Men of War: Assault Squad,Strategy,9.99,2011.0,3894.0,8.267448958304849
12560,Dustforce DX,Action,9.99,2012.0,1191.0,7.083387847625295
12580,Archon Classic,Indie,9.99,2010.0,154.0,5.043425116919247
12600,Aura: Fate of the Ages,Adventure,4.99,2010.0,145.0,4.983606621708336
12640,SpellForce 2: Faith in Destiny,RPG,14.99,2012.0,201.0,5.308267697401205
12650,Gothic 1,Action,19.99,2001.0,11801.0,9.376024287617113
12660,Painkiller Redemption,Action,4.99,2011.0,575.0,6.3561076606958915
12670,Gothic 3: Forsaken Gods Enhanced Edition,RPG,9.99,2011.0,939.0,6.84587987526405
12690,ArcaniA: Fall of Setarrif,RPG,14.99,2011.0,689.0,6.536691597591305
12710,Arma 2: British Armed Forces,Action,8.99,2010.0,299.0,5.703782474656201
12720,Arma 2: Private Military Company,Action,8.99,2010.0,299.0,5.703782474656201
12799,Take On Helicopters,Simulation,19.99,2011.0,444.0,6.09807428216624
12820,Carrier Command: Gaea Mission,Action,32.99,2012.0,768.0,6.645090969505644
12849,ARMA: Gold Edition,Action,9.99,2011.0,832.0,6.725033642166843
12850,ARMA: Cold War Assault,Action,4.99,2011.0,2184.0,7.68937110752969
12860,Dungeon Defenders,Action,14.99,2011.0,11639.0,9.36220272128543
12890,Borderlands: Claptrap's Robot Revolution,Action,29.99,2010.0,250.0,5.5254529391317835
12900,The Bureau: XCOM Declassified,Action,19.99,2013.0,4750.0,8.46611040118692
12910,Sid Meier's Civilization®: Beyond Earth™,Strategy,39.99,2014.0,13791.0,9.531843992903474
13120,The Bureau: XCOM Declassified - Hangar 6 R&D,Action,4.99,2013.0,105.0,4.663439094112067
13140,The Polynomial - Space of the music,Action,6.99,2010.0,445.0,6.100318952020064
13510,The Darkness II,Action,1.49,2012.0,7380.0,8.906664409770052
13520,Dino D-Day,Action,9.99,2011.0,7967.0,8.983188799264434
13530,Hacker Evolution,Simulation,2.49,2010.0,412.0,6.023447592961033
13540,Hacker Evolution: Untold,Indie,2.99,2010.0,183.0,5.214935757608986
13560,Hacker Evolution Duality,Indie,2.99,2011.0,211.0,5.356586274672012
13600,VVVVVV,Action,4.99,2010.0,6403.0,8.764678074116606
13630,Recettear: An Item Shop's Tale,RPG,19.99,2010.0,6519.0,8.782629654920699
13650,Chantelise - A Tale of Two Sisters,Action,9.99,2011.0,644.0,6.4692503167957724
15000,Worms Ultimate Mayhem,Strategy,14.99,2011.0,4058.0,8.308691916838898
15120,Worms Crazy Golf,Sports,9.99,2011.0,381.0,5.945420608606575
15130,Worms,Strategy,7.99,2011.0,433.0,6.073044534100405
15140,Worms Blast,Casual,7.99,2011.0,171.0,5.147494476813453
15150,Worms Pinball,Casual,7.99,2011.0,199.0,5.298317366548036
15160,Star Ruler,Indie,7.99,2010.0,254.0,5.541263545158426
15190,Evochron Mercenary,Action,14.99,2012.0,399.0,5.991464547107982
15240,Closure,Indie,9.99,2012.0,442.0,6.093569770045136
15260,Clones,Adventure,1.99,2010.0,330.0,5.802118375377063
15280,Fallout New Vegas: Dead Money,Action,1.99,2011.0,4569.0,8.42726848388825
15290,Fallout New Vegas: Honest Hearts,Action,1.99,2011.0,2073.0,7.637234388789473
15300,Fallout New Vegas: Old World Blues,Action,1.99,2011.0,2073.0,7.637234388789473
15310,Fallout New Vegas®: Lonesome Road™,Action,1.99,2011.0,1563.0,7.355001921105257
15320,Fallout New Vegas®: Gun Runners’ Arsenal™,Action,0.79,2011.0,840.0,6.734591659972948
15330,The Elder Scrolls V: Skyrim,RPG,19.99,2011.0,181161.0,12.107146937573882
15400,Cities in Motion,Simulation,19.99,2011.0,677.0,6.519147287940395
15932,Darkest Hour: A Hearts of Iron Game,Strategy,9.99,2011.0,1664.0,7.417580402414544
15962,Pride of Nations,Simulation,19.99,2011.0,115.0,4.7535901911063645
15990,Sengoku,RPG,9.99,2011.0,373.0,5.924255797414532
15992,Bejeweled® 3,Casual,4.99,2010.0,5507.0,8.613956859848546
16000,APOX,Action,14.99,2011.0,117.0,4.770684624465665
16020,Fate of the World,Casual,9.99,2011.0,397.0,5.986452005284438
16042,Gemini Rue,Adventure,9.99,2011.0,1220.0,7.107425474110705
16060,The Blackwell Legacy,Adventure,4.99,2012.0,1293.0,7.165493475060845
16062,Blackwell Unbound,Adventure,4.99,2012.0,595.0,6.39024066706535
16090,Blackwell Convergence,Adventure,4.99,2012.0,506.0,6.2285110035911835
16098,Blackwell Deception,Adventure,9.99,2012.0,488.0,6.192362489474872
16100,Farming Simulator 2011,Simulation,7.99,2010.0,810.0,6.698268054115413
16210,SkyDrift,Indie,9.99,2011.0,731.0,6.595780513961311
16465,Anomaly: Warzone Earth,Action,9.99,2011.0,982.0,6.890609120147166
16470,Iron Front: Digital War Edition,Action,14.99,2012.0,760.0,6.634633357861686
16475,Sanctum,Action,1.99,2011.0,1961.0,7.581719640125308
16620,E.Y.E: Divine Cybermancy,Action,9.99,2011.0,6160.0,8.725994381014571
16630,Cloning Clyde,Casual,4.99,2011.0,118.0,4.77912349311153
16730,Post Apocalyptic Mayhem,Action,9.99,2011.0,766.0,6.642486801367256
16810,Hydrophobia: Prophecy,Action,4.99,2011.0,1948.0,7.575071699507561
16830,DETOUR,Indie,1.99,2011.0,1317.0,7.183870715062453
16863,A.R.E.S.: Extinction Agenda,Action,4.99,2011.0,574.0,6.354370040797351
16900,SpaceChem,Indie,9.99,2011.0,2564.0,7.84971375760487
17030,Agricultural Simulator 2011: Extended Edition,Action,0.89,2011.0,130.0,4.875197323201151
17040,Revenge of the Titans,Action,14.99,2011.0,653.0,6.483107351457199
17095,Dinner Date,Indie,3.99,2011.0,498.0,6.212606095751519
17096,Jamestown,Action,9.99,2011.0,647.0,6.473890696352274
17110,The Dream Machine: Chapter 1 & 2,Adventure,3.99,2012.0,1337.0,7.198931240688173
17180,Nidhogg,Action,9.99,2014.0,5613.0,8.633018756921828
17312,Puzzle Agent 2,Action,4.99,2011.0,568.0,6.343880434126331
17390,Hector: Badge of Carnage - Full Series,Adventure,14.99,2011.0,109.0,4.700480365792417
17400,Capsized,Action,9.99,2011.0,580.0,6.364750756851911
17420,ibb & obb,Action,11.99,2014.0,3939.0,8.27893600229198
17460,Air Conflicts: Secret Wars,Action,5.99,2011.0,295.0,5.69035945432406
17470,The Tiny Bang Story,Adventure,4.99,2011.0,3689.0,8.213381737034572
17500,Defy Gravity Extended,Action,1.99,2016.0,6781.0,8.822027322685583
17510,Nexuiz,Action,9.99,2012.0,204.0,5.3230099791384085
17520,Solar 2,Action,9.99,2011.0,1513.0,7.322510433997394
17530,Kohan: Immortal Sovereigns,Strategy,9.99,2011.0,108.0,4.6913478822291435
17535,Kohan: Ahriman's Gift,Strategy,9.99,2011.0,135.0,4.912654885736052
17550,Kohan II: Kings of War,Strategy,9.99,2011.0,252.0,5.53338948872752
17570,Trauma,Adventure,2.99,2011.0,235.0,5.4638318050256105
17575,Frozen Synapse,Indie,24.99,2011.0,1094.0,6.9985096422506015
17595,Toy Soldiers,Action,9.99,2012.0,1334.0,7.19668657083435
17700,Hard Reset Extended Edition,Action,14.99,2012.0,3693.0,8.214465160759186
17710,Naval Warfare,Action,0.49,2011.0,186.0,5.231108616854587
17730,Demolition Inc.,Action,5.99,2011.0,249.0,5.521460917862246
17750,Dungeons of Dredmor,Casual,7.99,2011.0,3629.0,8.196987927258897
17810,Alien Hallway,Action,4.99,2011.0,119.0,4.787491742782046
18000,Dungeons and Dragons: Daggerdale,Action,14.99,2011.0,248.0,5.517452896464707
18020,Renegade Ops,Action,15.0,2011.0,960.0,6.8679744089702925
18030,Garshasp: The Monster Slayer,Action,4.99,2011.0,236.0,5.4680601411351315
18052,Civilization V - Civ and Scenario Pack: Korea,Strategy,4.99,2011.0,213.0,5.365976015021851
18059,NightSky,Casual,9.99,2011.0,308.0,5.733341276897746
18061,Crysis 2 - Maximum Edition,Action,29.99,2011.0,9178.0,9.12467354521909
18100,Runespell: Overture,Adventure,9.99,2011.0,204.0,5.3230099791384085
18300,Orcs Must Die!,Action,9.99,2011.0,6482.0,8.776938645174996
18407,Gatling Gears,Action,9.99,2011.0,133.0,4.897839799950911
18408,Shank 2,Action,9.99,2012.0,2464.0,7.80994708647679
18420,Warp,Action,9.99,2012.0,368.0,5.910796644040527
18430,iBomber Defense,Indie,5.99,2011.0,148.0,5.003946305945459
18490,ORION: Prelude,Action,0.99,2013.0,19075.0,9.856186279418115
18500,A New Beginning - Final Cut,Adventure,9.99,2012.0,1447.0,7.277938572945661
18507,Lume,Adventure,5.99,2011.0,253.0,5.537334267018537
18508,Critical Mass,Casual,1.99,2011.0,288.0,5.666426688112432
18510,Ms. Splosion Man,Action,9.99,2013.0,233.0,5.455321115357702
18520,Terraria,Action,9.99,2011.0,1152426.0,13.957380711282852
18523,PixelJunk™ Eden,Action,9.99,2012.0,508.0,6.2324480165505225
18532,Bastion,Action,14.99,2011.0,27781.0,10.232143607957335
18533,Bastion: Original Soundtrack,Action,9.99,2011.0,138.0,4.9344739331306915
18600,Space Pirates and Zombies,Action,9.99,2011.0,2185.0,7.689828668736484
18700,Breath of Death VII,Indie,2.99,2011.0,1275.0,7.151485463904735
18709,Cthulhu Saves the World,Indie,2.99,2011.0,2970.0,7.9966538754626075
18710,Arma 3,Action,29.99,2013.0,223557.0,12.317426167199406
19030,Starpoint Gemini,RPG,1.39,2012.0,130.0,4.875197323201151
19080,Vessel,Action,4.99,2012.0,414.0,6.028278520230698
19090,Project Zomboid,Indie,19.99,2013.0,305072.0,12.628306371213576
19200,Death Rally,Action,9.99,2012.0,617.0,6.42648845745769
19210,Alan Wake,Action,14.99,2012.0,39449.0,10.582789326274021
19320,Alan Wake Collector's Edition Extras,Action,9.99,2012.0,257.0,5.552959584921617
19330,Legend of Fae,Casual,9.99,2011.0,103.0,4.6443908991413725
19500,Fowl Space,Action,4.99,2012.0,125.0,4.836281906951478
19940,L.A. Noire,Adventure,19.99,2011.0,29152.0,10.280313102435128
19989,Snuggle Truck,Casual,4.99,2012.0,177.0,5.181783550292085
19999,Bunch of Heroes,Action,4.99,2011.0,273.0,5.6131281063880705
20200,Serious Sam Double D XXL,Action,9.99,2011.0,638.0,6.459904454377535
20400,Blocks That Matter,Adventure,4.99,2011.0,395.0,5.981414211254481
20570,Avadon: The Black Fortress,Indie,9.99,2011.0,434.0,6.075346031088684
20590,Monaco: What's Yours Is Mine,Action,14.99,2013.0,3758.0,8.231908243564177
20700,The Binding of Isaac,Action,4.99,2011.0,47549.0,10.769537067973536
20710,Binding of Isaac: Wrath of the Lamb,Action,2.99,2012.0,851.0,6.747586526829315
20840,Costume Quest,Adventure,9.99,2011.0,2478.0,7.8156105320351905
20900,Stacking,Adventure,0.99,2012.0,934.0,6.840546529288687
20902,Iron Brigade,Action,14.99,2012.0,848.0,6.744059186311348
20920,Cossacks II: Napoleonic Wars,Strategy,4.99,2011.0,540.0,6.293419278846481
20929,American Conquest,Strategy,4.99,2011.0,564.0,6.336825731146441
20930,American Conquest: Fight Back,Strategy,4.99,2011.0,518.0,6.251903883165888
21000,Prototype 2,Action,39.99,2012.0,9791.0,9.189321004752108
21010,Prototype 2 RADNET Access Pack,Action,9.99,2012.0,122.0,4.812184355372417
21019,Owlboy,Action,19.99,2016.0,3539.0,8.17188200612782
21020,Super Toy Cars,Indie,9.99,2014.0,177.0,5.181783550292085
21039,Quantum Conundrum,Casual,8.99,2012.0,1702.0,7.440146680662688
21040,Global Ops: Commando Libya,Action,0.99,2011.0,235.0,5.4638318050256105
21080,Nancy Drew®: Shadow at the Water's Edge,Adventure,19.99,2011.0,379.0,5.940171252720432
21089,Puzzler World 2,Casual,4.99,2011.0,193.0,5.267858159063328
21090,Battle Chess: Game of Kings™,Casual,29.99,2015.0,356.0,5.877735781779639
21100,Worms Revolution,Strategy,14.99,2012.0,5492.0,8.61122983334262
21160,Off-Road Drive,Racing,4.99,2011.0,504.0,6.22455842927536
21300,Batman: Arkham City - Game of the Year Edition,Action,19.99,2012.0,51110.0,10.841755017213652
21410,A Game of Dwarves,Casual,9.99,2012.0,364.0,5.8998973535824915
21620,Two Worlds II - Pirates of the Flying Fortress,RPG,12.99,2011.0,110.0,4.709530201312334
21649,Memento Mori,Adventure,12.99,2012.0,186.0,5.231108616854587
21650,XCOM: Enemy Unknown,Strategy,29.99,2012.0,39203.0,10.57653406138907
21669,Dungeons - The Dark Lord,RPG,0.99,2011.0,211.0,5.356586274672012
21730,Disciples III - Resurrection,Strategy,3.99,2011.0,212.0,5.3612921657094255
21750,Torchlight II,Action,19.99,2012.0,32423.0,10.386654168308144
21909,Cave Story+,Action,14.99,2011.0,4767.0,8.469682208745185
21910,Before the Echo,Indie,4.99,2011.0,1046.0,6.953684210870537
21920,Geneforge 1,Strategy,19.99,2001.0,320.0,5.771441123130016
21996,A Total War Saga: FALL OF THE SAMURAI,Strategy,29.99,2012.0,1056.0,6.963189985870238
21999,Total War: Shogun 2 - Blood Pack DLC,Strategy,2.99,2011.0,323.0,5.780743515792329
22120,Total War: SHOGUN 2 - Dragon War Battle Pack,Strategy,5.99,2012.0,140.0,4.948759890378168
22140,Sins of a Solar Empire: Trinity®,Indie,4.99,2011.0,673.0,6.513230110912307
22150,X3: Albion Prelude,Action,9.99,2011.0,1721.0,7.451241684987676
22160,Toki Tori 2+,Adventure,14.99,2013.0,716.0,6.57507584059962
22180,Serious Sam: The Random Encounter,Action,4.99,2011.0,648.0,6.47543271670409
22200,Airline Tycoon 2,Simulation,9.99,2011.0,380.0,5.942799375126701
22208,FlatOut 3: Chaos & Destruction,Racing,7.99,2011.0,3429.0,8.140315540159985
22220,Really Big Sky,Action,4.99,2012.0,219.0,5.393627546352362
22310,Orcs Must Die! 2,Action,14.99,2012.0,12757.0,9.4539138048019
22340,Wolfenstein: The New Order,Action,19.99,2014.0,43327.0,10.676554356271946
22359,Assassin's Creed® Revelations,Action,19.99,2011.0,17413.0,9.765029759388561
22362,Impire,Strategy,19.99,2013.0,340.0,5.831882477283517
22380,Galactic Civilizations® II: Ultimate Edition,Indie,4.99,2011.0,938.0,6.844815479208263
22410,Ridge Racer™ Unbounded,Racing,2.99,2012.0,1041.0,6.948897222313312
22610,Nancy Drew®: Alibi in Ashes,Adventure,19.99,2011.0,254.0,5.541263545158426
22618,Hegemony Gold: Wars of Ancient Greece,Indie,14.99,2012.0,181.0,5.204006687076795
22620,Demigod,Action,3.99,2011.0,971.0,6.879355804460439
22630,Dynamite Jack,Action,9.99,2012.0,128.0,4.859812404361672
22631,Alan Wake's American Nightmare,Action,8.99,2012.0,7234.0,8.886685639065584
22632,Real Warfare 2: Northern Crusades,Strategy,4.99,2011.0,103.0,4.6443908991413725
22635,Call of Duty®: Black Ops II,Action,59.99,2012.0,21830.0,9.991086257015196
22637,Hitman: Absolution™,Action,19.99,2012.0,44679.0,10.707281253183137
22638,Tomb Raider,Action,14.99,2013.0,160102.0,11.983572637097817
22639,Titan Attacks!,Action,9.99,2012.0,648.0,6.47543271670409
22678,King's Bounty: Warriors of the North,RPG,9.99,2012.0,1194.0,7.085901464365611
22690,Fortune Summoners,Action,19.99,2012.0,781.0,6.661854740545311
22800,Containment: The Zombie Puzzler,Casual,4.99,2012.0,123.0,4.820281565605037
22803,Warlock - Master of the Arcane,Strategy,24.99,2012.0,981.0,6.889591308354466
22805,Sonic the Hedgehog 4 - Episode II,Adventure,9.99,2012.0,1561.0,7.3537223303996315
22818,Binary Domain,Action,14.99,2012.0,3238.0,8.08301991917133
22880,DLC - Crusader Kings II: Ruler Designer,Strategy,4.99,2012.0,262.0,5.572154032177765
22888,Expansion - Crusader Kings II: Sword of Islam,Strategy,9.99,2012.0,127.0,4.852030263919617
22889,The Dark Eye: Chains of Satinav,Adventure,19.99,2012.0,1926.0,7.563719668414366
22891,SATAZIUS,Action,5.99,2011.0,180.0,5.198497031265826
22893,Fable - The Lost Chapters,Action,9.99,2011.0,7051.0,8.861066543517762
22895,Superbrothers: Sword & Sworcery EP,Adventure,7.99,2012.0,1375.0,7.226936018493289
22896,Max Payne 3,Action,19.99,2012.0,50200.0,10.823790225800138
23100,LEGO® Harry Potter: Years 5-7,Adventure,19.99,2012.0,2159.0,7.67786350067821
23110,Waveform,Adventure,1.99,2012.0,1879.0,7.539027055823995
23150,The Bridge,Adventure,9.99,2013.0,3394.0,8.130059039992796
23360,Awesomenauts,Action,19.99,2012.0,11775.0,9.373818840968658
23520,Serious Sam II,Action,9.99,2012.0,10941.0,9.300363874623772
23530,Castle Crashers®,Action,14.99,2012.0,100909.0,11.521984309458574
23550,Castle Crashers - Pink Knight Pack,Action,0.99,2012.0,774.0,6.652863029353347
23551,Castle Crashers - Blacksmith Pack,Action,0.99,2012.0,769.0,6.646390514847729
24026,Call of Juarez: Gunslinger,Action,2.99,2013.0,19269.0,9.866304761408411
24028,Infested Planet,Action,14.99,2014.0,2421.0,7.792348924113037
24032,Retro City Rampage™ DX,Action,14.99,2014.0,1676.0,7.424761761823209
24038,Men of War: Condemned Heroes,Action,7.99,2012.0,535.0,6.284134161070802
24039,Sins of a Solar Empire®: Rebellion,Action,7.99,2012.0,10101.0,9.220488703027998
24044,Crusader Kings Complete,Strategy,9.99,2012.0,162.0,5.093750200806762
24045,Lumino City,Adventure,11.99,2014.0,591.0,6.3835066348840055
24046,BIT.TRIP CORE,Action,9.99,2012.0,139.0,4.941642422609304
24050,BIT.TRIP FATE,Action,9.99,2013.0,115.0,4.7535901911063645
24053,Dishonored,Action,9.99,2012.0,63567.0,11.05986547805438
24057,Hell Yeah! Wrath of the Dead Rabbit,Action,14.99,2012.0,626.0,6.440946540632921
24065,Foreign Legion: Multi Massacre,Action,4.99,2012.0,178.0,5.187385805840755
24067,Port Royale 3,Action,14.99,2012.0,1149.0,7.047517221357296
24076,The Testament of Sherlock Holmes,Adventure,19.99,2012.0,2962.0,7.993957547573565
24077,1000 Amps,Adventure,4.99,2012.0,130.0,4.875197323201151
24080,Insanely Twisted Shadow Planet,Action,14.99,2012.0,552.0,6.315358001522335
24082,Jagged Alliance: Crossfire,RPG,14.99,2012.0,198.0,5.293304824724492
24083,Luxor Evolved,Action,9.99,2012.0,172.0,5.153291594497779
24084,Yesterday,Adventure,0.74,2012.0,768.0,6.645090969505644
24085,Auditorium,Casual,6.99,2012.0,132.0,4.890349128221754
24086,Tiny and Big: Grandpa's Leftovers,Indie,2.39,2012.0,2757.0,7.922261058353247
24087,Warlock 2: The Exiled,Strategy,19.99,2014.0,970.0,6.878326468291325
24097,Gunpoint,Action,9.99,2013.0,10146.0,9.224933374279082
24110,Cladun X2,Action,9.99,2012.0,125.0,4.836281906951478
24130,Tales From Space: Mutant Blobs Attack,Action,9.99,2012.0,566.0,6.340359303727752
24180,Saints Row IV: Re-Elected,Action,2.99,2013.0,57217.0,10.954623813179536
24190,To the Moon,Adventure,9.99,2012.0,65871.0,11.095468744009686
24200,To the Moon Soundtrack,Indie,4.99,2012.0,360.0,5.8888779583328805
24230,3SwitcheD,Casual,9.99,2012.0,135.0,4.912654885736052
24400,iBomber Defense Pacific,Casual,5.99,2012.0,154.0,5.043425116919247
24448,Painkiller: Recurring Evil,Action,9.99,2012.0,333.0,5.811140992976701
24483,Bang Bang Racing,Racing,9.99,2012.0,344.0,5.84354441703136
24488,Indie Game: The Movie,Indie,9.99,2012.0,1036.0,6.9440872082295275
24630,SpeedRunners,Action,14.99,2016.0,22651.0,10.028003427233696
24634,Legend of Grimrock,Adventure,14.99,2012.0,4639.0,8.442469645220301
24635,Fireburst,Action,7.99,2012.0,122.0,4.812184355372417
24640,Cubemen,Indie,3.99,2012.0,334.0,5.814130531825066
24650,Ys: The Oath in Felghana,Action,14.99,2012.0,1799.0,7.495541943884256
24660,Ys Origin,Action,19.99,2012.0,2943.0,7.987524479848767
24670,Wizorb,Action,2.99,2012.0,559.0,6.327936783729195
24673,"Hack, Slash, Loot",Casual,5.99,2012.0,307.0,5.730099782973574
24674,Rayman® Origins,Action,19.99,2012.0,5075.0,8.532278828834277
24676,Noitu Love 2: Devolution,Action,4.99,2012.0,511.0,6.238324625039508
24677,English Country Tune,Indie,4.99,2012.0,172.0,5.153291594497779
24678,The Walking Dead,Adventure,1.49,2012.0,49663.0,10.813035603542891
24679,The Walking Dead: 400 Days,Adventure,0.69,2013.0,1112.0,7.014814351275545
24770,Botanicula,Adventure,14.99,2012.0,4640.0,8.442685139241176
24790,Arena Wars 2,Action,3.99,2012.0,323.0,5.780743515792329
24800,Symphony,Action,4.99,2012.0,838.0,6.732210706467206
24820,Jane's Advanced Strike Fighters,Simulation,9.99,2012.0,360.0,5.8888779583328805
24830,PAYDAY™ The Heist: Wolfpack DLC,Action,9.99,2012.0,689.0,6.536691597591305
24850,PAYDAY: The Heist Soundtrack,Action,3.99,2012.0,350.0,5.860786223465865
24859,Borderlands 2 - Captain Scarlett and her Pirate's Booty,Action,4.99,2012.0,529.0,6.272877006546167
24860,Sacred Citadel,Action,9.99,2013.0,604.0,6.405228458030842
24935,Myst V: End of Ages,Adventure,9.99,2012.0,231.0,5.44673737166631
24936,ENDLESS™ Space - Definitive Edition,Strategy,9.99,2012.0,6556.0,8.788288460263619
24937,DOOM 3,Action,9.99,2012.0,8462.0,9.043458999670106
25380,Train Simulator: European Loco & Asset Pack,Simulation,19.99,2009.0,118.0,4.77912349311153
25816,Avernum: Escape From the Pit,Indie,9.99,2012.0,1129.0,7.029972911706386
25860,Omerta - City of Gangsters,Simulation,14.99,2013.0,1560.0,7.353081920515432
25897,Dishonored: Dunwall City Trials,Action,2.99,2012.0,561.0,6.331501849893691
25898,Dishonored - The Knife of Dunwall,Action,4.99,2013.0,674.0,6.51471269087253
25899,STAR WARS™ Knights of the Old Republic™ II - The Sith Lords™,RPG,9.99,2012.0,21355.0,9.969088009620076
25900,Lunar Flight,Indie,14.99,2012.0,514.0,6.244166900663736
25939,Batman™: Arkham Knight,Action,19.99,2015.0,100869.0,11.52158783804888
25940,Blades of Time,Action,9.99,2012.0,914.0,6.818924065275521
25960,Borderlands 2: Creature Slaughterdome,Action,3.99,2012.0,188.0,5.241747015059643
25970,Game of Thrones,Action,14.99,2012.0,1374.0,7.226209010100671
26000,Apotheon,Action,14.99,2015.0,3220.0,8.0774471493312
26006,Tomb Raider: Scavenger Executioner,Action,0.99,2013.0,112.0,4.727387818712341
26140,Tomb Raider: Hunter Skin,Action,0.99,2013.0,120.0,4.795790545596741
26160,Tomb Raider: Aviatrix Skin,Action,0.99,2013.0,124.0,4.8283137373023015
26170,Tomb Raider: Guerilla Skin,Action,0.99,2013.0,112.0,4.727387818712341
26180,Tomb Raider: Mountaineer Skin,Action,0.99,2013.0,112.0,4.727387818712341
26510,Tomb Raider: Tomb of the Lost Adventurer,Action,2.99,2013.0,549.0,6.309918278226516
26720,Tomb Raider: Demolition Skin,Action,0.99,2013.0,116.0,4.762173934797756
26800,Tomb Raider: Sure-Shot Skin,Action,0.99,2013.0,143.0,4.969813299576001
26810,Batman™: Arkham Origins,Action,19.99,2013.0,41237.0,10.62711544034966
26910,Drunken Robot Pornography,Action,14.99,2014.0,487.0,6.1903154058531475
27000,Guns of Icarus Online,Action,4.99,2012.0,8243.0,9.01724094201035
27030,Call of Duty®: Ghosts,Action,59.99,2014.0,12160.0,9.405989388981
27040,Stealth Bastard Deluxe,Action,9.99,2012.0,694.0,6.543911845564792
27220,Sherlock Holmes and The Hound of The Baskervilles,Adventure,9.99,2012.0,661.0,6.495265555937008
27300,A Valley Without Wind,Action,14.99,2012.0,194.0,5.272999558563747
27800,Analogue: A Hate Story,Indie,9.99,2012.0,1677.0,7.425357887027151
27910,Rage: The Scorchers™,Action,4.99,2012.0,291.0,5.676753802268282
27930,Strike Suit Zero,Action,19.99,2013.0,1203.0,7.093404625868766
28012,Magrunner: Dark Pulse,Action,19.99,2013.0,360.0,5.8888779583328805
28013,Call of Duty®: Advanced Warfare - Gold Edition,Action,59.99,2014.0,10716.0,9.279586544712997
28014,Cortex Command,Action,19.99,2012.0,1973.0,7.587817219993427
28015,Fieldrunners,Strategy,4.99,2012.0,174.0,5.1647859739235145
28017,R.A.W. Realms of Ancient War,Action,0.74,2012.0,367.0,5.908082938168931
28060,Splice,Casual,9.99,2012.0,176.0,5.176149732573829
29017,XCOM: Enemy Unknown - Elite Soldier Pack,Strategy,4.99,2012.0,284.0,5.652489180268651
29100,XCOM: Enemy Unknown - Slingshot Pack,Strategy,6.99,2012.0,291.0,5.676753802268282
29110,Lone Survivor: The Director's Cut,Action,9.99,2012.0,728.0,6.591673732008658
29500,Triple Town,Casual,9.99,2012.0,576.0,6.3578422665081
31910,Nancy Drew®: Tomb of the Lost Queen,Adventure,19.99,2012.0,114.0,4.74493212836325
32010,Sanctum 2,Action,14.99,2013.0,7400.0,8.909370405197466
32127,Expansion - Crusader Kings II: Legacy of Rome,Strategy,4.99,2012.0,104.0,4.653960350157523
32160,Expansion - Crusader Kings II: Sunset Invasion,Strategy,4.99,2012.0,124.0,4.8283137373023015
32340,Expansion - Crusader Kings II: The Old Gods,Strategy,14.99,2013.0,171.0,5.147494476813453
32380,Killing Floor - Community Weapon Pack,Action,7.99,2012.0,121.0,4.804021044733257
32450,Rune Classic,Action,9.99,2012.0,581.0,6.366470447731438
32460,The Witness,Adventure,39.99,2016.0,15687.0,9.660651367876183
32469,Alien Shooter 2 Conscription,Action,9.99,2012.0,297.0,5.697093486505405
32470,Check vs Mate,Action,24.99,2012.0,110.0,4.709530201312334
32510,Viking: Battle for Asgard,Action,14.99,2012.0,935.0,6.841615476477592
32610,Unmechanical,Adventure,9.99,2012.0,305.0,5.723585101952381
32620,They Bleed Pixels,Action,9.99,2012.0,2018.0,7.610357618312838
32640,Primal Fears,Action,4.99,2013.0,183.0,5.214935757608986
32650,Magical Diary: Horse Hall,Adventure,14.99,2012.0,701.0,6.553933404025811
32660,Offspring Fling!,Adventure,7.99,2012.0,137.0,4.927253685157205
32680,Deadlight,Action,14.99,2012.0,9317.0,9.139703292376742
32700,Adventures of Shuggy,Indie,4.99,2012.0,286.0,5.659482215759621
32720,Wanderlust: Rebirth,Action,4.99,2012.0,257.0,5.552959584921617
32730,Thief™ Gold,Action,6.99,2012.0,3251.0,8.087025470667701
32750,The Elder Scrolls V: Skyrim - Dawnguard,RPG,19.99,2012.0,1099.0,7.003065458786462
32760,Thief™ II: The Metal Age,Action,6.99,2012.0,1808.0,7.500529485395295
32770,Conflict Desert Storm™,Action,6.99,2012.0,1189.0,7.081708586105575
32831,Starbound,Action,14.99,2016.0,120421.0,11.698757519417306
32832,Conquest of Elysium 3,Indie,9.99,2012.0,279.0,5.634789603169249
32833,Test Drive: Ferrari Racing Legends,Racing,19.99,2012.0,275.0,5.62040086571715
33110,Galaxy on Fire 2™ Full HD,Action,7.99,2012.0,1399.0,7.24422751560335
33120,Kung Fu Strike - The Warrior's Rise,Action,9.99,2012.0,721.0,6.582025138892826
33140,Resonance,Adventure,14.99,2012.0,450.0,6.111467339502679
33229,Total War: ROME II - Greek States Culture Pack,Strategy,8.99,2013.0,345.0,5.846438775057725
33245,Inversion™,Action,9.99,2012.0,434.0,6.075346031088684
33246,Sonic & All-Stars Racing Transformed Collection,Racing,19.99,2013.0,11523.0,9.35218709620442
33270,Tom Clancy's Ghost Recon: Future Soldier™,Action,19.99,2012.0,5071.0,8.531490496117062
33280,FTL: Faster Than Light,Indie,2.49,2012.0,60666.0,11.013155171881223
33289,New Star Soccer 5,Indie,9.99,2012.0,640.0,6.46302945692067
33326,Dishonored - Void Walker Arsenal,Action,1.99,2013.0,135.0,4.912654885736052
33349,Dishonored: The Brigmore Witches,Action,4.99,2013.0,526.0,6.267200548541362
33361,Borderlands 2: Mr. Torgue’s Campaign of Carnage,Action,4.99,2012.0,501.0,6.218600119691729
33362,Borderlands 2: Mechromancer Pack,Action,4.99,2012.0,544.0,6.300785794663244
33370,Borderlands 2: Sir Hammerlock’s Big Game Hunt,Action,4.99,2013.0,532.0,6.278521424165844
33400,LEGO® Batman™ 2: DC Super Heroes,Action,19.99,2012.0,6434.0,8.769507120030227
33420,MDK2 HD,Action,14.99,2012.0,144.0,4.976733742420574
33446,Sonic Adventure 2,Action,9.99,2012.0,21888.0,9.993739506513155
33510,South Park™: The Stick of Truth™,Action,29.99,2014.0,57528.0,10.96004444747091
33520,Borderlands 2: Collector's Edition Pack,Action,3.99,2012.0,234.0,5.459585514144159
33570,Galactic Civilizations® I: Ultimate Edition,Indie,2.49,2012.0,129.0,4.867534450455582
33580,Divine Divinity,RPG,5.99,2012.0,3201.0,8.07153089355666
33600,I Am Alive,Action,14.99,2012.0,2554.0,7.845807502637805
33650,Deponia,Adventure,9.99,2012.0,9573.0,9.166806369952454
33660,Tower Wars,Action,7.99,2012.0,1202.0,7.0925737159746784
33680,Alien: Isolation,Action,39.99,2014.0,45572.0,10.727070714875772
33700,LEGO® The Lord of the Rings™,Action,19.99,2012.0,8613.0,9.061144065614055
33720,Eets Munchies,Casual,6.99,2014.0,187.0,5.236441962829949
33740,ETHER VAPOR Remaster,Action,7.99,2012.0,156.0,5.056245805348308
33750,Fairy Bloom Freesia,Action,7.99,2012.0,572.0,6.35088571671474
33790,Thirty Flights of Loving,Adventure,4.99,2012.0,1243.0,7.126087273299125
33905,Space Rangers HD: A War Apart,Action,14.99,2013.0,5510.0,8.614501373883236
33909,Guacamelee! Gold Edition,Action,14.99,2013.0,3112.0,8.043342170441608
33910,The Basement Collection,Adventure,3.99,2012.0,1194.0,7.085901464365611
33930,Half Minute Hero: Super Mega Neo Climax Ultimate Boy,Action,9.99,2012.0,997.0,6.905753276311464
33934,Painkiller Hell & Damnation,Action,19.99,2012.0,2846.0,7.954021087278037
33935,Air Conflicts: Pacific Carriers,Action,9.99,2012.0,288.0,5.666426688112432
33936,BioShock Infinite: Clash in the Clouds,Action,1.24,2013.0,416.0,6.0330862217988015
33950,BioShock Infinite: Burial at Sea - Episode One,Action,3.74,2013.0,1417.0,7.257002707092073
33960,BioShock Infinite: Burial at Sea - Episode Two,Action,3.74,2014.0,1755.0,7.470793774195062
33970,BioShock Infinite - Season Pass,Action,4.99,2013.0,696.0,6.546785410760524
33980,Total War: ROME II - Emperor Edition,Strategy,59.99,2013.0,55373.0,10.921865448493632
33990,Intrusion 2,Action,9.99,2012.0,1531.0,7.3343293503005365
34110,Victoria II: Heart of Darkness,Strategy,19.99,2013.0,127.0,4.852030263919617
34177,The Book of Unwritten Tales,Adventure,19.99,2012.0,1536.0,7.337587743538596
34614,Primal Carnage,Action,4.99,2012.0,4798.0,8.476162841858246
34615,Rocketbirds: Hardboiled Chicken,Adventure,4.99,2012.0,1905.0,7.552762084214147
34616,The Incredible Adventures of Van Helsing,Action,14.99,2013.0,7632.0,8.94023623179847
34670,Demonicon,Action,9.99,2013.0,429.0,6.063785208687608
34680,Home,Adventure,4.99,2012.0,1125.0,7.026426808699636
34800,Zeno Clash 2,Action,14.99,2013.0,698.0,6.54965074223381
34810, Fieldrunners 2,Action,9.99,2013.0,372.0,5.921578419643816
34841,Dream Pinball 3D,Casual,9.99,2012.0,357.0,5.8805329864007
34860,Jagged Alliance 2 - Wildfire,RPG,8.99,2012.0,1295.0,7.16703787691222
34910,Go Home Dinosaurs!,Casual,9.99,2013.0,338.0,5.82600010738045
34920,Gemini Wars,Indie,9.99,2012.0,138.0,4.9344739331306915
35020,Secret Files 3,Adventure,9.99,2012.0,165.0,5.111987788356544
35030,Don Bradman Cricket 14,Indie,19.99,2014.0,571.0,6.349138991379798
35040,Gateways,Indie,4.99,2012.0,186.0,5.231108616854587
35096,Blood Bowl: Chaos Edition,Sports,14.99,2012.0,1364.0,7.21890970761906
35097,Of Orcs And Men,Action,14.99,2012.0,1527.0,7.331714969726466
35099,Dementium II HD,Action,5.99,2013.0,910.0,6.814542897259958
35101,Rise of the Triad,Action,14.99,2013.0,1878.0,7.538494999413465
35103,Worms Armageddon,Strategy,14.99,2013.0,7412.0,8.910990494656719
35110,Karateka,Action,3.99,2012.0,190.0,5.25227342804663
35130,Din's Curse,Action,9.99,2012.0,216.0,5.37989735354046
35136,Anna - Extended Edition,Adventure,9.99,2013.0,958.0,6.8658910748834385
35138,Dogfight 1942,Simulation,9.99,2012.0,670.0,6.508769136971682
35140,SONIC ADVENTURE 2: BATTLE,Action,2.99,2012.0,505.0,6.226536669287466
35150,Alien Rage - Unlimited,Action,19.99,2013.0,1383.0,7.232733136177615
35419,BIT.TRIP Presents... Runner2: Future Legend of Rhythm Alien,Action,14.99,2013.0,1605.0,7.381501894506707
35427,Unity of Command: Stalingrad Campaign,Indie,9.99,2012.0,786.0,6.668228248417403
35509,Defender's Quest: Valley of the Forgotten (DX edition),Indie,14.99,2012.0,2688.0,7.896924656268864
35510,Planets Under Attack,Indie,11.99,2012.0,312.0,5.746203190540153
35600,Borderlands 2: Tiny Tina's Assault on Dragon Keep,Action,4.99,2013.0,1447.0,7.277938572945661
35700,Borderlands 2 Season Pass,Action,14.99,2012.0,281.0,5.641907070938114
35709,PAYDAY 2,Action,9.99,2013.0,438831.0,12.99187193088649
35710,Lucius,Action,9.99,2012.0,7525.0,8.926118971153382
35723,Scribblenauts Unlimited,Adventure,19.99,2012.0,7680.0,8.946505025998682
35800,Pid,Adventure,19.99,2012.0,292.0,5.680172609017068
36000,Mixcraft 8 Home Studio,Audio Production,39.99,2017.0,630.0,6.447305862541213
36130,Mercenary Kings: Reloaded Edition,Action,19.99,2014.0,1184.0,7.077498053569231
36632,Call of Duty®: Black Ops II - Nuketown Zombies Map,Action,4.99,2013.0,204.0,5.3230099791384085
36633,Call of Duty®: Black Ops II - Revolution,Action,14.99,2013.0,125.0,4.836281906951478
36700,Call of Duty®: Black Ops II - Uprising,Action,14.99,2013.0,174.0,5.1647859739235145
36710,Call of Duty®: Black Ops II - Vengeance,Action,14.99,2013.0,150.0,5.017279836814924
36900,Call of Duty®: Black Ops II - Apocalypse,Action,14.99,2013.0,180.0,5.198497031265826
36930,Hotline Miami,Action,9.99,2012.0,98291.0,11.495697919303602
37000,Hotline Miami Soundtrack,Action,9.99,2013.0,365.0,5.902633333401366
37200,Ultratron,Action,9.99,2013.0,518.0,6.251903883165888
37210,Droid Assault,Action,9.99,2013.0,267.0,5.5909869805108565
37270,Aliens: Colonial Marines: Stasis Interrupted,Action,29.99,2013.0,131.0,4.882801922586371
37340,Chivalry: Medieval Warfare,Action,24.99,2012.0,44698.0,10.707706408986764
37360,Proteus,Adventure,9.99,2013.0,1384.0,7.233455418621439
37380,Don't Starve,Adventure,9.99,2013.0,94636.0,11.45780379907968
37390,Don't Starve Soundtrack,Indie,4.99,2013.0,188.0,5.241747015059643
37400,Beyond Divinity,RPG,5.99,2012.0,647.0,6.473890696352274
37410,Divinity II: Developer's Cut,RPG,19.99,2012.0,4121.0,8.324093761450404
37510,Antichamber,Adventure,19.99,2013.0,13254.0,9.492130118723125
37600,Edna & Harvey: Harvey's New Eyes,Adventure,19.99,2012.0,2554.0,7.845807502637805
37708,Grim Dawn,Action,24.99,2016.0,85934.0,11.361346475510787
37709,The Journey Down: Chapter One,Adventure,6.99,2013.0,712.0,6.569481420414296
37800,Trials Evolution: Gold Edition,Action,19.99,2013.0,2166.0,7.681099001536359
37810,Kerbal Space Program,Indie,9.99,2015.0,106076.0,11.5719205244768
37900,Far Cry 3,Action,19.99,2012.0,109464.0,11.603360142441437
37910,Farming Simulator 2013 Titanium Edition,Casual,14.99,2013.0,3864.0,8.259716961021523
37940,DmC: Devil May Cry,Action,29.99,2013.0,19197.0,9.862561385923483
37950,Cargo Commander,Action,4.99,2012.0,660.0,6.493753839851686
37970,StarDrive,Indie,29.99,2013.0,1247.0,7.129297548929373
37980,RPG Maker VX Ace,Adventure,69.99,2012.0,3118.0,8.045267716607803
38000,Chaos on Deponia,Adventure,19.99,2012.0,2279.0,7.731930721948486
38010,The Elder Scrolls V: Skyrim - Hearthfire,RPG,4.99,2012.0,1229.0,7.114769448366463
38020,Thomas Was Alone,Indie,9.99,2012.0,4091.0,8.316789127071518
38030,Zombie Driver HD,Action,9.99,2012.0,2712.0,7.905810312658931
38090,McPixel,Action,4.99,2012.0,2522.0,7.833203948641057
38140,Towns,Indie,14.99,2012.0,2382.0,7.776115477098742
38160,Resident Evil 6,Action,19.99,2013.0,41476.0,10.632894335716385
38170,DayZ,Action,49.99,2018.0,366816.0,12.812618365073456
38229,Eufloria HD,Indie,14.99,2014.0,628.0,6.444131256700441
38240,Little Inferno,Adventure,14.99,2012.0,8593.0,9.058819564334941
38400,Age of Empires II (Retired),Strategy,19.99,2013.0,83879.0,11.337142485015857
38420,DG2: Defense Grid 2,Indie,14.99,2014.0,2518.0,7.831617276352611
38450,Super Hexagon,Action,2.99,2012.0,18081.0,9.802672247297311
38480,Rocksmith® 2014 Edition REMASTERED LEARN & PLAY,Casual,9.99,2024.0,14779.0,9.601030194502194
38530,The Cave,Adventure,14.99,2013.0,2392.0,7.780303087908373
38700,The Book of Unwritten Tales: The Critter Chronicles,Adventure,19.99,2012.0,338.0,5.82600010738045
38720,The Stanley Parable,Adventure,14.99,2013.0,39712.0,10.589433868992689
38800,Puddle,Action,7.99,2012.0,350.0,5.860786223465865
38810,"Hamlet or the Last Game without MMORPG Features, Shaders and Product Placement",Adventure,4.99,2012.0,334.0,5.814130531825066
38924,THE KING OF FIGHTERS '98 ULTIMATE MATCH FINAL EDITION,Action,14.99,2014.0,2390.0,7.779466967458324
38925,THE KING OF FIGHTERS 2002 UNLIMITED MATCH,Action,14.99,2015.0,4019.0,8.299037181613066
38926,Resident Evil Revelations,Action,19.99,2013.0,9847.0,9.19502366786429
